timestamp,respondent,voltage_kv,current_a,frequency_hz,demand_mw
2024-12-30 22:00:00,FMPP,120.99,18027.6,60.012,2172
2024-12-30 21:00:00,FMPP,119.72,17820.1,59.922,2147
2024-12-30 20:00:00,FMPP,121.3,17504.7,60.017,2109
2024-12-30 19:00:00,FMPP,123.05,17098.0,60.042,2060
2024-12-30 18:00:00,FMPP,119.53,16790.9,59.9,2023
2024-12-30 17:00:00,FMPP,119.53,16251.4,60.019,1958
2024-12-30 16:00:00,FMPP,123.16,15770.0,60.061,1900
2024-12-30 15:00:00,FMPP,121.53,15064.5,59.94,1815
2024-12-30 14:00:00,FMPP,119.06,14242.8,60.084,1716
2024-12-30 13:00:00,FMPP,121.09,13371.3,60.021,1611
2024-12-30 12:00:00,FMPP,119.07,12367.0,59.965,1490
2024-12-30 11:00:00,FMPP,119.07,11752.8,59.997,1416
2024-12-30 10:00:00,FMPP,120.48,10997.5,60.028,1325
2024-12-30 09:00:00,FMPP,116.17,10814.9,60.004,1303
2024-12-30 08:00:00,FMPP,116.55,10972.6,60.027,1322
2024-12-30 07:00:00,FMPP,118.88,11454.0,59.954,1380
2024-12-30 06:00:00,FMPP,117.97,12151.2,60.008,1464
2024-12-30 05:00:00,FMPP,120.63,12997.8,59.929,1566
2024-12-30 04:00:00,FMPP,118.18,14325.8,59.994,1726
2024-12-30 03:00:00,FMPP,117.18,15047.9,59.955,1813
2024-12-30 02:00:00,FMPP,122.93,15745.1,59.963,1897
2024-12-30 01:00:00,FMPP,119.55,16268.0,60.062,1960
2024-12-30 00:00:00,FMPP,120.14,16633.2,60.055,2004
2024-12-29 23:00:00,FMPP,117.15,16550.2,60.03,1994
2024-12-29 22:00:00,FMPP,118.91,16533.6,59.945,1992
2024-12-29 21:00:00,FMPP,120.22,16865.6,59.984,2032
2024-12-29 20:00:00,FMPP,117.7,17023.3,60.061,2051
2024-12-29 19:00:00,FMPP,120.75,16757.7,60.007,2019
2024-12-29 18:00:00,FMPP,118.8,16425.7,60.116,1979
2024-12-29 17:00:00,FMPP,119.42,15886.2,60.02,1914
2024-12-29 16:00:00,FMPP,118.8,15305.2,60.01,1844
2024-12-29 15:00:00,FMPP,123.7,14516.7,59.985,1749
2024-12-29 14:00:00,FMPP,119.97,13313.2,60.007,1604
2024-12-29 13:00:00,FMPP,117.88,12292.3,59.992,1481
2024-12-29 12:00:00,FMPP,121.65,11727.9,60.035,1413
2024-12-29 11:00:00,FMPP,117.56,11271.4,60.048,1358
2024-12-29 10:00:00,FMPP,120.42,11130.3,59.961,1341
2024-12-29 09:00:00,FMPP,116.08,11196.7,59.933,1349
2024-12-29 08:00:00,FMPP,117.34,11561.9,59.908,1393
2024-12-29 07:00:00,FMPP,120.39,12126.3,60.025,1461
2024-12-29 06:00:00,FMPP,121.48,12782.0,59.945,1540
2024-12-29 05:00:00,FMPP,120.34,13877.6,59.892,1672
2024-12-29 04:00:00,FMPP,119.77,14790.6,60.019,1782
2024-12-29 03:00:00,FMPP,119.4,15645.5,60.125,1885
2024-12-29 02:00:00,FMPP,117.04,16185.0,60.0,1950
2024-12-29 01:00:00,FMPP,118.56,16716.2,60.042,2014
2024-12-29 00:00:00,FMPP,119.08,17122.9,60.004,2063
2024-12-28 23:00:00,FMPP,122.11,16724.5,59.995,2015
2024-12-28 22:00:00,FMPP,120.69,16475.5,60.046,1985
2024-12-28 21:00:00,FMPP,116.47,16450.6,59.985,1982
2024-12-28 20:00:00,FMPP,120.65,16624.9,60.013,2003
2024-12-28 19:00:00,FMPP,119.23,16541.9,60.016,1993
2024-12-28 18:00:00,FMPP,118.65,16541.9,59.967,1993
2024-12-28 17:00:00,FMPP,121.22,16002.4,60.05,1928
2024-12-28 16:00:00,FMPP,122.06,15413.1,59.991,1857
2024-12-28 15:00:00,FMPP,121.86,14375.6,59.962,1732
2024-12-28 14:00:00,FMPP,118.32,13147.2,60.027,1584
2024-12-28 13:00:00,FMPP,119.38,12109.7,59.955,1459
2024-12-28 12:00:00,FMPP,120.66,11611.7,60.001,1399
2024-12-28 11:00:00,FMPP,121.95,11138.6,60.0,1342
2024-12-28 10:00:00,FMPP,119.04,10964.3,60.054,1321
2024-12-28 09:00:00,FMPP,119.63,10939.4,60.024,1318
2024-12-28 08:00:00,FMPP,117.79,11362.7,59.999,1369
2024-12-28 07:00:00,FMPP,117.61,11877.3,60.041,1431
2024-12-28 06:00:00,FMPP,121.63,12765.4,60.07,1538
2024-12-28 05:00:00,FMPP,122.71,13786.3,60.028,1661
2024-12-28 04:00:00,FMPP,119.86,14832.1,60.001,1787
2024-12-28 03:00:00,FMPP,122.01,15770.0,59.934,1900
2024-12-28 02:00:00,FMPP,120.72,16508.7,59.947,1989
2024-12-28 01:00:00,FMPP,118.71,17098.0,59.985,2060
2024-12-28 00:00:00,FMPP,120.72,17554.5,59.97,2115
2024-12-27 23:00:00,FMPP,123.08,17247.4,59.991,2078
2024-12-27 22:00:00,FMPP,119.93,17031.6,60.003,2052
2024-12-27 21:00:00,FMPP,123.13,16815.8,60.026,2026
2024-12-27 20:00:00,FMPP,114.76,16517.0,59.996,1990
2024-12-27 19:00:00,FMPP,121.64,16234.8,60.024,1956
2024-12-27 18:00:00,FMPP,120.17,15977.5,60.003,1925
2024-12-27 17:00:00,FMPP,119.4,15604.0,59.901,1880
2024-12-27 16:00:00,FMPP,120.18,15205.6,59.953,1832
2024-12-27 15:00:00,FMPP,116.02,14666.1,59.993,1767
2024-12-27 14:00:00,FMPP,119.56,13960.6,59.94,1682
2024-12-27 13:00:00,FMPP,120.71,13105.7,60.03,1579
2024-12-27 12:00:00,FMPP,122.96,12342.1,60.077,1487
2024-12-27 11:00:00,FMPP,118.96,11420.8,60.061,1376
2024-12-27 10:00:00,FMPP,118.38,10839.8,59.989,1306
2024-12-27 09:00:00,FMPP,119.0,10781.7,60.075,1299
2024-12-27 08:00:00,FMPP,121.83,10914.5,60.007,1315
2024-12-27 07:00:00,FMPP,120.66,11420.8,59.983,1376
2024-12-27 06:00:00,FMPP,118.94,12134.6,59.969,1462
2024-12-27 05:00:00,FMPP,121.03,13147.2,59.985,1584
2024-12-27 04:00:00,FMPP,120.19,14259.4,59.981,1718
2024-12-27 03:00:00,FMPP,121.94,15213.9,60.009,1833
2024-12-27 02:00:00,FMPP,118.6,15919.4,60.008,1918
2024-12-27 01:00:00,FMPP,119.34,16467.2,60.0,1984
2024-12-27 00:00:00,FMPP,119.22,17039.9,60.022,2053
2024-12-26 23:00:00,FMPP,117.07,16525.3,60.06,1991
2024-12-26 22:00:00,FMPP,120.59,16243.1,60.047,1957
2024-12-26 21:00:00,FMPP,120.52,15703.6,59.926,1892
2024-12-26 20:00:00,FMPP,120.01,15911.1,59.872,1917
2024-12-26 19:00:00,FMPP,119.53,15836.4,60.047,1908
2024-12-26 18:00:00,FMPP,117.17,15479.5,59.932,1865
2024-12-26 17:00:00,FMPP,119.16,15172.4,59.989,1828
2024-12-26 16:00:00,FMPP,119.31,14873.6,59.941,1792
2024-12-26 15:00:00,FMPP,118.4,14383.9,59.91,1733
2024-12-26 14:00:00,FMPP,119.68,13952.3,60.027,1681
2024-12-26 13:00:00,FMPP,120.81,13213.6,60.038,1592
2024-12-26 12:00:00,FMPP,123.77,12450.0,59.971,1500
2024-12-26 11:00:00,FMPP,120.35,11478.9,59.87,1383
2024-12-26 10:00:00,FMPP,120.52,10939.4,59.973,1318
2024-12-26 09:00:00,FMPP,119.85,10648.9,60.02,1283
2024-12-26 08:00:00,FMPP,116.16,10748.5,59.926,1295
2024-12-26 07:00:00,FMPP,119.95,11014.1,60.009,1327
2024-12-26 06:00:00,FMPP,120.12,11586.8,59.999,1396
2024-12-26 05:00:00,FMPP,124.93,12416.8,60.029,1496
2024-12-26 04:00:00,FMPP,119.62,13221.9,60.006,1593
2024-12-26 03:00:00,FMPP,120.6,13910.8,59.951,1676
2024-12-26 02:00:00,FMPP,119.93,14251.1,60.06,1717
2024-12-26 01:00:00,FMPP,117.66,14632.9,59.992,1763
2024-12-26 00:00:00,FMPP,122.29,14915.1,59.999,1797
2024-12-25 23:00:00,FMPP,121.5,14500.1,59.953,1747
2024-12-25 22:00:00,FMPP,121.58,14251.1,59.978,1717
2024-12-25 21:00:00,FMPP,118.18,14350.7,59.956,1729
2024-12-25 20:00:00,FMPP,122.81,14574.8,59.991,1756
2024-12-25 19:00:00,FMPP,117.2,14774.0,60.086,1780
2024-12-25 18:00:00,FMPP,121.17,14765.7,59.931,1779
2024-12-25 17:00:00,FMPP,124.38,14699.3,59.919,1771
2024-12-25 16:00:00,FMPP,118.02,14508.4,60.074,1748
2024-12-25 15:00:00,FMPP,118.87,14516.7,59.99,1749
2024-12-25 14:00:00,FMPP,120.2,13935.7,59.967,1679
2024-12-25 13:00:00,FMPP,118.99,13047.6,60.052,1572
2024-12-25 12:00:00,FMPP,116.9,12308.9,59.97,1483
2024-12-25 11:00:00,FMPP,120.14,11711.3,60.091,1411
2024-12-25 10:00:00,FMPP,117.88,11445.7,60.034,1379
2024-12-25 09:00:00,FMPP,120.95,11354.4,59.976,1368
2024-12-25 08:00:00,FMPP,118.16,11561.9,60.108,1393
2024-12-25 07:00:00,FMPP,123.1,11893.9,59.97,1433
2024-12-25 06:00:00,FMPP,118.43,12416.8,60.037,1496
2024-12-25 05:00:00,FMPP,119.36,13114.0,60.015,1580
2024-12-25 04:00:00,FMPP,121.63,13885.9,60.065,1673
2024-12-25 03:00:00,FMPP,117.54,14442.0,60.078,1740
2024-12-25 02:00:00,FMPP,120.45,15180.7,60.002,1829
2024-12-25 01:00:00,FMPP,122.61,15786.6,59.962,1902
2024-12-25 00:00:00,FMPP,116.79,16483.8,60.023,1986
2024-12-24 23:00:00,FMPP,120.37,16359.3,59.966,1971
2024-12-24 22:00:00,FMPP,120.52,15969.2,60.101,1924
2024-12-24 21:00:00,FMPP,121.56,15803.2,60.007,1904
2024-12-24 20:00:00,FMPP,117.53,15637.2,59.982,1884
2024-12-24 19:00:00,FMPP,117.36,15446.3,60.009,1861
2024-12-24 18:00:00,FMPP,121.04,15462.9,59.933,1863
2024-12-24 17:00:00,FMPP,120.59,15462.9,59.951,1863
2024-12-24 16:00:00,FMPP,120.5,15687.0,60.06,1890
2024-12-24 15:00:00,FMPP,120.69,15363.3,59.967,1851
2024-12-24 14:00:00,FMPP,118.64,14500.1,59.948,1747
2024-12-24 13:00:00,FMPP,120.46,13462.6,60.027,1622
2024-12-24 12:00:00,FMPP,120.59,12533.0,60.059,1510
2024-12-24 11:00:00,FMPP,118.57,11661.5,60.036,1405
2024-12-24 10:00:00,FMPP,123.73,11080.5,60.05,1335
2024-12-24 09:00:00,FMPP,120.95,10931.1,59.962,1317
2024-12-24 08:00:00,FMPP,117.62,11155.2,59.929,1344
2024-12-24 07:00:00,FMPP,121.31,11653.2,60.075,1404
2024-12-24 06:00:00,FMPP,118.05,12408.5,59.984,1495
2024-12-24 05:00:00,FMPP,121.57,13495.8,59.987,1626
2024-12-24 04:00:00,FMPP,122.32,14583.1,60.066,1757
2024-12-24 03:00:00,FMPP,118.36,15471.2,60.028,1864
2024-12-24 02:00:00,FMPP,121.93,16002.4,60.023,1928
2024-12-24 01:00:00,FMPP,120.83,16500.4,60.108,1988
2024-12-24 00:00:00,FMPP,121.64,16990.1,59.968,2047
2024-12-23 23:00:00,FMPP,123.79,16591.7,60.046,1999
2024-12-23 22:00:00,FMPP,119.51,16135.2,60.003,1944
2024-12-23 21:00:00,FMPP,118.49,15877.9,60.013,1913
2024-12-23 20:00:00,FMPP,118.22,15653.8,60.076,1886
2024-12-23 19:00:00,FMPP,118.37,15521.0,60.025,1870
2024-12-23 18:00:00,FMPP,119.85,15579.1,60.027,1877
2024-12-23 17:00:00,FMPP,120.68,15346.7,60.054,1849
2024-12-23 16:00:00,FMPP,120.55,15479.5,59.982,1865
2024-12-23 15:00:00,FMPP,121.65,15803.2,59.958,1904
2024-12-23 14:00:00,FMPP,120.03,15662.1,59.948,1887
2024-12-23 13:00:00,FMPP,122.91,14973.2,59.902,1804
2024-12-23 12:00:00,FMPP,119.47,14027.0,60.103,1690
2024-12-23 11:00:00,FMPP,125.44,12948.0,59.945,1560
2024-12-23 10:00:00,FMPP,121.25,12109.7,59.989,1459
2024-12-23 09:00:00,FMPP,118.29,11794.3,59.986,1421
2024-12-23 08:00:00,FMPP,117.86,11877.3,60.015,1431
2024-12-23 07:00:00,FMPP,120.96,12126.3,60.041,1461
2024-12-23 06:00:00,FMPP,119.55,12723.9,60.043,1533
2024-12-23 05:00:00,FMPP,121.43,13495.8,59.971,1626
2024-12-23 04:00:00,FMPP,120.95,14599.7,59.992,1759
2024-12-23 03:00:00,FMPP,119.85,15213.9,60.014,1833
2024-12-23 02:00:00,FMPP,118.31,15778.3,59.988,1901
2024-12-23 01:00:00,FMPP,116.97,16035.6,60.08,1932
2024-12-23 00:00:00,FMPP,119.11,16209.9,60.025,1953
2024-12-22 23:00:00,FMPP,121.71,15562.5,60.037,1875
2024-12-22 22:00:00,FMPP,120.43,14898.5,60.033,1795
2024-12-22 21:00:00,FMPP,117.51,14657.8,60.059,1766
2024-12-22 20:00:00,FMPP,120.35,14483.5,60.009,1745
2024-12-22 19:00:00,FMPP,120.77,14533.3,59.935,1751
2024-12-22 18:00:00,FMPP,118.23,14815.5,60.02,1785
2024-12-22 17:00:00,FMPP,120.31,15197.3,59.967,1831
2024-12-22 16:00:00,FMPP,120.12,15911.1,59.974,1917
2024-12-22 15:00:00,FMPP,117.71,16550.2,60.029,1994
2024-12-22 14:00:00,FMPP,120.72,16724.5,60.062,2015
2024-12-22 13:00:00,FMPP,121.12,15977.5,60.001,1925
2024-12-22 12:00:00,FMPP,122.17,14998.1,60.015,1807
2024-12-22 11:00:00,FMPP,122.11,14118.3,60.085,1701
2024-12-22 10:00:00,FMPP,117.24,13587.1,60.012,1637
2024-12-22 09:00:00,FMPP,118.12,13338.1,60.13,1607
2024-12-22 08:00:00,FMPP,121.03,13338.1,60.028,1607
2024-12-22 07:00:00,FMPP,121.03,13628.6,59.912,1642
2024-12-22 06:00:00,FMPP,121.03,14085.1,60.038,1697
2024-12-22 05:00:00,FMPP,127.71,14699.3,60.019,1771
2024-12-22 04:00:00,FMPP,121.14,15288.6,60.064,1842
2024-12-22 03:00:00,FMPP,122.27,15786.6,60.034,1902
2024-12-22 02:00:00,FMPP,121.91,16019.0,59.993,1930
2024-12-22 01:00:00,FMPP,121.3,16176.7,59.939,1949
2024-12-22 00:00:00,FMPP,119.37,16193.3,59.99,1951
2024-12-21 23:00:00,FMPP,121.52,15479.5,59.957,1865
2024-12-21 22:00:00,FMPP,118.45,14682.7,59.971,1769
2024-12-21 21:00:00,FMPP,119.53,14375.6,60.029,1732
2024-12-21 20:00:00,FMPP,119.03,14359.0,60.083,1730
2024-12-21 19:00:00,FMPP,120.16,14383.9,60.02,1733
2024-12-21 18:00:00,FMPP,124.63,14707.6,59.94,1772
2024-12-21 17:00:00,FMPP,116.27,15180.7,60.022,1829
2024-12-21 16:00:00,FMPP,121.37,15736.8,60.06,1896
2024-12-21 15:00:00,FMPP,116.77,15886.2,59.97,1914
2024-12-21 14:00:00,FMPP,119.06,15570.8,59.993,1876
2024-12-21 13:00:00,FMPP,122.18,14500.1,60.001,1747
2024-12-21 12:00:00,FMPP,120.13,13329.8,59.961,1606
2024-12-21 11:00:00,FMPP,117.84,12408.5,60.032,1495
2024-12-21 10:00:00,FMPP,118.57,11819.2,59.994,1424
2024-12-21 09:00:00,FMPP,121.36,11528.7,60.021,1389
2024-12-21 08:00:00,FMPP,118.54,11570.2,59.956,1394
2024-12-21 07:00:00,FMPP,120.43,11827.5,59.978,1425
2024-12-21 06:00:00,FMPP,120.09,12441.7,60.036,1499
2024-12-21 05:00:00,FMPP,118.7,13313.2,59.981,1604
2024-12-21 04:00:00,FMPP,124.29,14002.1,60.086,1687
2024-12-21 03:00:00,FMPP,121.27,14940.0,59.98,1800
2024-12-21 02:00:00,FMPP,115.95,15462.9,60.011,1863
2024-12-21 01:00:00,FMPP,120.37,15886.2,60.047,1914
2024-12-21 00:00:00,FMPP,118.68,16434.0,59.929,1980
2024-12-20 23:00:00,FMPP,121.7,16259.7,59.912,1959
2024-12-20 22:00:00,FMPP,118.41,16160.1,59.924,1947
2024-12-20 21:00:00,FMPP,119.77,15985.8,60.063,1926
2024-12-20 20:00:00,FMPP,121.01,15936.0,59.972,1920
2024-12-20 19:00:00,FMPP,121.73,15819.8,60.128,1906
2024-12-20 18:00:00,FMPP,117.6,15570.8,59.972,1876
2024-12-20 17:00:00,FMPP,119.33,15446.3,60.009,1861
2024-12-20 16:00:00,FMPP,119.05,15189.0,60.077,1830
2024-12-20 15:00:00,FMPP,118.69,14973.2,60.1,1804
2024-12-20 14:00:00,FMPP,123.53,14508.4,60.103,1748
2024-12-20 13:00:00,FMPP,120.81,13960.6,60.06,1682
2024-12-20 12:00:00,FMPP,117.48,13180.4,60.051,1588
2024-12-20 11:00:00,FMPP,121.84,11960.3,60.03,1441
2024-12-20 10:00:00,FMPP,124.24,11072.2,60.039,1334
2024-12-20 09:00:00,FMPP,122.06,11030.7,59.972,1329
2024-12-20 08:00:00,FMPP,116.96,11171.8,59.959,1346
2024-12-20 07:00:00,FMPP,119.03,11719.6,60.0,1412
2024-12-20 06:00:00,FMPP,122.53,12582.8,59.991,1516
2024-12-20 05:00:00,FMPP,118.58,13744.8,59.977,1656
2024-12-20 04:00:00,FMPP,120.89,15230.5,60.035,1835
2024-12-20 03:00:00,FMPP,121.55,16517.0,60.048,1990
2024-12-20 02:00:00,FMPP,118.15,17479.8,60.004,2106
2024-12-20 01:00:00,FMPP,119.88,18177.0,60.074,2190
2024-12-20 00:00:00,FMPP,113.52,18882.5,59.943,2275
2024-12-19 23:00:00,FMPP,117.95,18758.0,59.99,2260
2024-12-19 22:00:00,FMPP,119.49,18982.1,59.964,2287
2024-12-19 21:00:00,FMPP,117.5,18699.9,59.907,2253
2024-12-19 20:00:00,FMPP,123.26,18426.0,59.996,2220
2024-12-19 19:00:00,FMPP,117.14,17952.9,59.994,2163
2024-12-19 18:00:00,FMPP,119.12,17338.7,60.076,2089
2024-12-19 17:00:00,FMPP,120.26,16591.7,60.032,1999
2024-12-19 16:00:00,FMPP,122.88,16110.3,59.949,1941
2024-12-19 15:00:00,FMPP,117.13,15529.3,60.093,1871
2024-12-19 14:00:00,FMPP,122.33,14998.1,60.061,1807
2024-12-19 13:00:00,FMPP,120.02,14317.5,60.029,1725
2024-12-19 12:00:00,FMPP,118.04,13504.1,59.989,1627
2024-12-19 11:00:00,FMPP,120.92,12118.0,59.952,1460
2024-12-19 10:00:00,FMPP,120.4,11304.6,59.981,1362
2024-12-19 09:00:00,FMPP,118.8,11130.3,60.054,1341
2024-12-19 08:00:00,FMPP,120.14,11329.5,60.094,1365
2024-12-19 07:00:00,FMPP,119.23,11927.1,60.077,1437
2024-12-19 06:00:00,FMPP,120.23,12624.3,59.976,1521
2024-12-19 05:00:00,FMPP,121.32,13944.0,59.944,1680
2024-12-19 04:00:00,FMPP,123.17,15521.0,60.007,1870
2024-12-19 03:00:00,FMPP,117.52,16915.4,59.912,2038
2024-12-19 02:00:00,FMPP,124.27,17986.1,60.016,2167
2024-12-19 01:00:00,FMPP,116.1,18865.9,59.993,2273
2024-12-19 00:00:00,FMPP,119.7,19637.8,59.977,2366
2024-12-18 23:00:00,FMPP,121.18,19496.7,59.92,2349
2024-12-18 22:00:00,FMPP,120.56,19538.2,60.026,2354
2024-12-18 21:00:00,FMPP,118.75,19355.6,59.973,2332
2024-12-18 20:00:00,FMPP,119.58,18957.2,59.942,2284
2024-12-18 19:00:00,FMPP,119.01,18376.2,59.856,2214
2024-12-18 18:00:00,FMPP,118.82,17820.1,59.999,2147
2024-12-18 17:00:00,FMPP,121.7,17073.1,60.089,2057
2024-12-18 16:00:00,FMPP,120.71,16475.5,60.083,1985
2024-12-18 15:00:00,FMPP,118.61,15853.0,59.977,1910
2024-12-18 14:00:00,FMPP,121.8,15205.6,59.97,1832
2024-12-18 13:00:00,FMPP,120.61,14566.5,60.023,1755
2024-12-18 12:00:00,FMPP,121.63,13794.6,59.95,1662
2024-12-18 11:00:00,FMPP,121.26,12408.5,60.015,1495
2024-12-18 10:00:00,FMPP,118.34,11545.3,60.038,1391
2024-12-18 09:00:00,FMPP,118.88,11354.4,60.061,1368
2024-12-18 08:00:00,FMPP,121.49,11561.9,59.995,1393
2024-12-18 07:00:00,FMPP,121.22,12018.4,59.99,1448
2024-12-18 06:00:00,FMPP,119.96,12972.9,59.956,1563
2024-12-18 05:00:00,FMPP,120.23,14226.2,59.959,1714
2024-12-18 04:00:00,FMPP,122.56,15778.3,59.989,1901
2024-12-18 03:00:00,FMPP,118.82,17222.5,60.018,2075
2024-12-18 02:00:00,FMPP,121.09,18118.9,60.046,2183
2024-12-18 01:00:00,FMPP,119.6,18957.2,59.96,2284
2024-12-18 00:00:00,FMPP,119.56,19446.9,60.075,2343
2024-12-17 23:00:00,FMPP,122.2,19164.7,59.986,2309
2024-12-17 22:00:00,FMPP,121.65,19040.2,59.999,2294
2024-12-17 21:00:00,FMPP,121.63,19239.4,59.963,2318
2024-12-17 20:00:00,FMPP,122.61,19106.6,59.879,2302
2024-12-17 19:00:00,FMPP,120.04,18699.9,60.044,2253
2024-12-17 18:00:00,FMPP,121.36,18243.4,60.037,2198
2024-12-17 17:00:00,FMPP,119.38,17446.6,59.986,2102
2024-12-17 16:00:00,FMPP,120.65,16857.3,60.003,2031
2024-12-17 15:00:00,FMPP,119.74,15853.0,60.026,1910
2024-12-17 14:00:00,FMPP,120.19,15155.8,59.922,1826
2024-12-17 13:00:00,FMPP,121.19,14516.7,59.974,1749
2024-12-17 12:00:00,FMPP,118.36,13703.3,60.04,1651
2024-12-17 11:00:00,FMPP,124.18,12325.5,59.937,1485
2024-12-17 10:00:00,FMPP,117.99,11371.0,60.015,1370
2024-12-17 09:00:00,FMPP,117.57,11196.7,59.932,1349
2024-12-17 08:00:00,FMPP,122.32,11329.5,60.023,1365
2024-12-17 07:00:00,FMPP,121.58,11802.6,59.998,1422
2024-12-17 06:00:00,FMPP,121.25,12574.5,59.919,1515
2024-12-17 05:00:00,FMPP,121.26,13653.5,60.058,1645
2024-12-17 04:00:00,FMPP,119.98,15072.8,59.963,1816
2024-12-17 03:00:00,FMPP,118.21,16384.2,59.959,1974
2024-12-17 02:00:00,FMPP,120.15,17380.2,60.01,2094
2024-12-17 01:00:00,FMPP,118.65,18044.2,60.057,2174
2024-12-17 00:00:00,FMPP,121.95,18484.1,59.949,2227
2024-12-16 23:00:00,FMPP,119.71,17762.0,60.003,2140
2024-12-16 22:00:00,FMPP,118.35,17347.0,60.021,2090
2024-12-16 21:00:00,FMPP,119.36,17081.4,60.035,2058
2024-12-16 20:00:00,FMPP,120.83,16973.5,60.009,2045
2024-12-16 19:00:00,FMPP,118.87,16840.7,59.982,2029
2024-12-16 18:00:00,FMPP,118.36,16608.3,59.959,2001
2024-12-16 17:00:00,FMPP,120.49,16168.4,60.004,1948
2024-12-16 16:00:00,FMPP,120.49,15687.0,59.946,1890
2024-12-16 15:00:00,FMPP,118.99,15106.0,59.854,1820
2024-12-16 14:00:00,FMPP,119.06,14724.2,60.022,1774
2024-12-16 13:00:00,FMPP,120.46,14309.2,60.045,1724
2024-12-16 12:00:00,FMPP,117.1,13346.4,59.882,1608
2024-12-16 11:00:00,FMPP,117.19,11852.4,59.95,1428
2024-12-16 10:00:00,FMPP,118.56,10906.2,60.031,1314
2024-12-16 09:00:00,FMPP,119.57,10607.4,60.103,1278
2024-12-16 08:00:00,FMPP,120.62,10682.1,60.001,1287
2024-12-16 07:00:00,FMPP,122.95,11105.4,59.964,1338
2024-12-16 06:00:00,FMPP,121.72,11877.3,59.991,1431
2024-12-16 05:00:00,FMPP,119.68,13080.8,60.069,1576
2024-12-16 04:00:00,FMPP,119.96,14284.3,59.968,1721
2024-12-16 03:00:00,FMPP,117.99,15504.4,59.96,1868
2024-12-16 02:00:00,FMPP,119.96,16326.1,59.976,1967
2024-12-16 01:00:00,FMPP,119.42,16940.3,59.952,2041
2024-12-16 00:00:00,FMPP,120.65,17380.2,60.006,2094
2024-12-15 23:00:00,FMPP,118.35,16857.3,60.081,2031
2024-12-15 22:00:00,FMPP,121.04,16558.5,60.016,1995
2024-12-15 21:00:00,FMPP,123.07,16616.6,59.987,2002
2024-12-15 20:00:00,FMPP,119.78,16425.7,59.985,1979
2024-12-15 19:00:00,FMPP,120.8,16077.1,59.922,1937
2024-12-15 18:00:00,FMPP,121.38,15861.3,60.044,1911
2024-12-15 17:00:00,FMPP,119.2,15595.7,59.996,1879
2024-12-15 16:00:00,FMPP,120.45,15039.6,59.991,1812
2024-12-15 15:00:00,FMPP,120.03,14101.7,60.16,1699
2024-12-15 14:00:00,FMPP,120.2,13105.7,60.015,1579
2024-12-15 13:00:00,FMPP,118.45,12076.5,59.962,1455
2024-12-15 12:00:00,FMPP,120.05,11454.0,59.979,1380
2024-12-15 11:00:00,FMPP,121.0,10964.3,60.057,1321
2024-12-15 10:00:00,FMPP,122.9,10773.4,60.006,1298
2024-12-15 09:00:00,FMPP,121.92,10748.5,59.928,1295
2024-12-15 08:00:00,FMPP,124.31,11022.4,60.046,1328
2024-12-15 07:00:00,FMPP,118.47,11512.1,59.967,1387
2024-12-15 06:00:00,FMPP,121.74,12242.5,60.094,1475
2024-12-15 05:00:00,FMPP,120.37,13097.4,60.054,1578
2024-12-15 04:00:00,FMPP,124.38,14043.6,59.978,1692
2024-12-15 03:00:00,FMPP,118.38,14749.1,60.064,1777
2024-12-15 02:00:00,FMPP,118.32,15222.2,60.003,1834
2024-12-15 01:00:00,FMPP,118.8,15637.2,60.043,1884
2024-12-15 00:00:00,FMPP,115.75,16102.0,60.024,1940
2024-12-14 23:00:00,FMPP,118.95,15703.6,59.958,1892
2024-12-14 22:00:00,FMPP,118.48,15404.8,59.968,1856
2024-12-14 21:00:00,FMPP,120.3,15305.2,60.051,1844
2024-12-14 20:00:00,FMPP,120.68,15288.6,59.983,1842
2024-12-14 19:00:00,FMPP,123.75,15180.7,59.98,1829
2024-12-14 18:00:00,FMPP,121.9,15130.9,59.952,1823
2024-12-14 17:00:00,FMPP,118.85,15023.0,60.021,1810
2024-12-14 16:00:00,FMPP,118.2,14757.4,60.103,1778
2024-12-14 15:00:00,FMPP,120.98,14400.5,59.947,1735
2024-12-14 14:00:00,FMPP,117.36,13877.6,60.001,1672
2024-12-14 13:00:00,FMPP,123.66,13014.4,60.071,1568
2024-12-14 12:00:00,FMPP,122.36,12201.0,59.996,1470
2024-12-14 11:00:00,FMPP,119.06,11611.7,60.023,1399
2024-12-14 10:00:00,FMPP,116.57,11180.1,59.947,1347
2024-12-14 09:00:00,FMPP,122.71,11097.1,60.021,1337
2024-12-14 08:00:00,FMPP,119.77,11221.6,59.991,1352
2024-12-14 07:00:00,FMPP,122.48,11595.1,60.049,1397
2024-12-14 06:00:00,FMPP,116.81,12192.7,60.059,1469
2024-12-14 05:00:00,FMPP,118.8,13221.9,60.129,1593
2024-12-14 04:00:00,FMPP,120.01,14184.7,60.029,1709
2024-12-14 03:00:00,FMPP,120.09,14948.3,60.016,1801
2024-12-14 02:00:00,FMPP,119.1,15479.5,60.01,1865
2024-12-14 01:00:00,FMPP,121.25,15927.7,59.982,1919
2024-12-14 00:00:00,FMPP,117.86,16425.7,60.017,1979
2024-12-13 23:00:00,FMPP,119.72,15944.3,59.985,1921
2024-12-13 22:00:00,FMPP,120.24,15537.6,60.008,1872
2024-12-13 21:00:00,FMPP,121.03,15180.7,60.066,1829
2024-12-13 20:00:00,FMPP,121.42,15006.4,59.95,1808
2024-12-13 19:00:00,FMPP,117.75,15056.2,60.057,1814
2024-12-13 18:00:00,FMPP,116.93,15155.8,60.066,1826
2024-12-13 17:00:00,FMPP,122.56,15213.9,59.994,1833
2024-12-13 16:00:00,FMPP,120.66,15628.9,59.894,1883
2024-12-13 15:00:00,FMPP,118.5,16284.6,59.97,1962
2024-12-13 14:00:00,FMPP,123.1,17039.9,60.065,2053
2024-12-13 13:00:00,FMPP,120.23,17322.1,59.999,2087
2024-12-13 12:00:00,FMPP,122.36,16525.3,59.95,1991
2024-12-13 11:00:00,FMPP,120.14,14724.2,59.975,1774
2024-12-13 10:00:00,FMPP,124.12,13595.4,60.042,1638
2024-12-13 09:00:00,FMPP,123.51,13089.1,60.027,1577
2024-12-13 08:00:00,FMPP,119.5,13188.7,59.988,1589
2024-12-13 07:00:00,FMPP,121.94,13421.1,59.982,1617
2024-12-13 06:00:00,FMPP,121.29,14068.5,59.98,1695
2024-12-13 05:00:00,FMPP,122.74,14973.2,59.954,1804
2024-12-13 04:00:00,FMPP,118.07,15911.1,60.081,1917
2024-12-13 03:00:00,FMPP,121.37,17023.3,59.984,2051
2024-12-13 02:00:00,FMPP,122.12,17571.1,60.061,2117
2024-12-13 01:00:00,FMPP,116.48,17811.8,60.076,2146
2024-12-13 00:00:00,FMPP,117.63,17762.0,60.05,2140
2024-12-12 23:00:00,FMPP,115.92,16666.4,59.978,2008
2024-12-12 22:00:00,FMPP,119.46,15612.3,60.02,1881
2024-12-12 21:00:00,FMPP,121.44,15006.4,59.999,1808
2024-12-12 20:00:00,FMPP,123.0,14881.9,59.955,1793
2024-12-12 19:00:00,FMPP,120.15,15097.7,60.016,1819
2024-12-12 18:00:00,FMPP,123.26,15504.4,59.941,1868
2024-12-12 17:00:00,FMPP,117.24,16035.6,60.059,1932
2024-12-12 16:00:00,FMPP,116.59,16865.6,59.977,2032
2024-12-12 15:00:00,FMPP,119.89,17604.3,60.01,2121
2024-12-12 14:00:00,FMPP,120.77,18376.2,60.014,2214
2024-12-12 13:00:00,FMPP,119.93,18509.0,59.987,2230
2024-12-12 12:00:00,FMPP,115.87,17039.9,60.029,2053
2024-12-12 11:00:00,FMPP,119.82,14848.7,59.976,1789
2024-12-12 10:00:00,FMPP,117.39,13205.3,60.044,1591
2024-12-12 09:00:00,FMPP,121.34,12491.5,59.933,1505
2024-12-12 08:00:00,FMPP,120.73,12242.5,60.006,1475
2024-12-12 07:00:00,FMPP,118.12,12275.7,60.097,1479
2024-12-12 06:00:00,FMPP,118.97,12690.7,59.95,1529
2024-12-12 05:00:00,FMPP,117.88,13429.4,59.966,1618
2024-12-12 04:00:00,FMPP,119.87,14475.2,60.026,1744
2024-12-12 03:00:00,FMPP,121.91,15662.1,60.009,1887
2024-12-12 02:00:00,FMPP,118.03,16442.3,60.018,1981
2024-12-12 01:00:00,FMPP,121.01,16915.4,60.024,2038
2024-12-12 00:00:00,FMPP,118.94,17222.5,60.032,2075
2024-12-11 23:00:00,FMPP,118.41,16741.1,60.055,2017
2024-12-11 22:00:00,FMPP,119.79,16467.2,60.02,1984
2024-12-11 21:00:00,FMPP,117.93,16873.9,59.988,2033
2024-12-11 20:00:00,FMPP,118.89,17239.1,60.034,2077
2024-12-11 19:00:00,FMPP,117.6,17778.6,60.095,2142
2024-12-11 18:00:00,FMPP,123.93,17836.7,59.993,2149
2024-12-11 17:00:00,FMPP,120.07,17629.2,59.951,2124
2024-12-11 16:00:00,FMPP,118.6,16990.1,60.055,2047
2024-12-11 15:00:00,FMPP,120.43,16135.2,59.994,1944
2024-12-11 14:00:00,FMPP,119.78,15396.5,59.891,1855
2024-12-11 13:00:00,FMPP,119.56,14774.0,60.042,1780
2024-12-11 12:00:00,FMPP,121.23,13977.2,59.973,1684
2024-12-11 11:00:00,FMPP,121.52,12391.9,59.995,1493
2024-12-11 10:00:00,FMPP,118.94,11420.8,60.017,1376
2024-12-11 09:00:00,FMPP,118.85,11271.4,60.01,1358
2024-12-11 08:00:00,FMPP,119.45,11346.1,60.035,1367
2024-12-11 07:00:00,FMPP,115.4,11844.1,59.978,1427
2024-12-11 06:00:00,FMPP,116.97,12582.8,60.026,1516
2024-12-11 05:00:00,FMPP,122.73,13695.0,59.987,1650
2024-12-11 04:00:00,FMPP,123.29,15139.2,60.037,1824
2024-12-11 03:00:00,FMPP,119.5,16434.0,60.031,1980
2024-12-11 02:00:00,FMPP,121.15,17405.1,59.953,2097
2024-12-11 01:00:00,FMPP,120.62,18185.3,60.054,2191
2024-12-11 00:00:00,FMPP,126.16,18741.4,59.973,2258
2024-12-10 23:00:00,FMPP,122.24,18293.2,60.04,2204
2024-12-10 22:00:00,FMPP,119.74,17803.5,60.018,2145
2024-12-10 21:00:00,FMPP,118.09,17695.6,60.092,2132
2024-12-10 20:00:00,FMPP,116.79,17347.0,59.989,2090
2024-12-10 19:00:00,FMPP,120.41,16998.4,59.983,2048
2024-12-10 18:00:00,FMPP,118.49,16301.2,59.999,1964
2024-12-10 17:00:00,FMPP,117.16,15728.5,59.985,1895
2024-12-10 16:00:00,FMPP,118.71,15471.2,60.04,1864
2024-12-10 15:00:00,FMPP,117.84,14981.5,59.919,1805
2024-12-10 14:00:00,FMPP,123.37,14724.2,59.947,1774
2024-12-10 13:00:00,FMPP,121.76,14309.2,59.947,1724
2024-12-10 12:00:00,FMPP,119.98,13537.3,60.048,1631
2024-12-10 11:00:00,FMPP,122.96,12001.8,60.086,1446
2024-12-10 10:00:00,FMPP,120.15,10980.9,59.995,1323
2024-12-10 09:00:00,FMPP,118.28,10707.0,59.992,1290
2024-12-10 08:00:00,FMPP,123.05,10806.6,60.004,1302
2024-12-10 07:00:00,FMPP,121.08,11221.6,60.058,1352
2024-12-10 06:00:00,FMPP,117.93,11885.6,59.954,1432
2024-12-10 05:00:00,FMPP,119.62,13130.6,60.012,1582
2024-12-10 04:00:00,FMPP,118.25,14450.3,60.049,1741
2024-12-10 03:00:00,FMPP,117.23,15761.7,60.025,1899
2024-12-10 02:00:00,FMPP,121.85,16948.6,60.009,2042
2024-12-10 01:00:00,FMPP,123.82,17728.8,60.05,2136
2024-12-10 00:00:00,FMPP,117.2,18218.5,59.865,2195
2024-12-09 23:00:00,FMPP,121.13,17728.8,60.034,2136
2024-12-09 22:00:00,FMPP,118.7,17322.1,59.967,2087
2024-12-09 21:00:00,FMPP,119.03,17006.7,59.908,2049
2024-12-09 20:00:00,FMPP,118.82,16450.6,60.026,1982
2024-12-09 19:00:00,FMPP,118.27,15969.2,60.069,1924
2024-12-09 18:00:00,FMPP,120.1,15595.7,59.993,1879
2024-12-09 17:00:00,FMPP,118.34,15288.6,60.048,1842
2024-12-09 16:00:00,FMPP,120.54,15056.2,60.081,1814
2024-12-09 15:00:00,FMPP,119.9,15023.0,60.066,1810
2024-12-09 14:00:00,FMPP,119.52,15122.6,60.082,1822
2024-12-09 13:00:00,FMPP,118.18,15039.6,60.037,1812
2024-12-09 12:00:00,FMPP,118.85,14184.7,60.004,1709
2024-12-09 11:00:00,FMPP,121.51,12574.5,59.92,1515
2024-12-09 10:00:00,FMPP,121.0,11404.2,59.988,1374
2024-12-09 09:00:00,FMPP,118.04,11014.1,59.958,1327
2024-12-09 08:00:00,FMPP,120.2,10947.7,60.109,1319
2024-12-09 07:00:00,FMPP,121.5,11263.1,59.991,1357
2024-12-09 06:00:00,FMPP,116.66,11512.1,60.006,1387
2024-12-09 05:00:00,FMPP,121.09,12782.0,60.028,1540
2024-12-09 04:00:00,FMPP,118.67,13944.0,60.002,1680
2024-12-09 03:00:00,FMPP,121.14,15147.5,60.085,1825
2024-12-09 02:00:00,FMPP,118.47,15828.1,59.969,1907
2024-12-09 01:00:00,FMPP,116.39,16276.3,60.01,1961
2024-12-09 00:00:00,FMPP,116.74,16616.6,59.963,2002
2024-12-08 23:00:00,FMPP,120.1,16035.6,59.934,1932
2024-12-08 22:00:00,FMPP,120.52,15479.5,59.969,1865
2024-12-08 21:00:00,FMPP,118.19,15089.4,59.998,1818
2024-12-08 20:00:00,FMPP,121.28,14807.2,59.979,1784
2024-12-08 19:00:00,FMPP,116.68,14566.5,59.965,1755
2024-12-08 18:00:00,FMPP,119.87,14574.8,59.93,1756
2024-12-08 17:00:00,FMPP,117.58,14632.9,59.996,1763
2024-12-08 16:00:00,FMPP,118.7,14998.1,59.925,1807
2024-12-08 15:00:00,FMPP,120.09,15413.1,60.038,1857
2024-12-08 14:00:00,FMPP,118.28,15670.4,60.004,1888
2024-12-08 13:00:00,FMPP,119.23,15139.2,59.927,1824
2024-12-08 12:00:00,FMPP,122.01,14417.1,59.985,1737
2024-12-08 11:00:00,FMPP,118.85,13553.9,59.962,1633
2024-12-08 10:00:00,FMPP,121.67,13097.4,60.016,1578
2024-12-08 09:00:00,FMPP,117.74,12964.6,60.067,1562
2024-12-08 08:00:00,FMPP,121.06,12865.0,59.906,1550
2024-12-08 07:00:00,FMPP,122.88,13097.4,60.006,1578
2024-12-08 06:00:00,FMPP,115.06,13470.9,59.992,1623
2024-12-08 05:00:00,FMPP,118.41,14217.9,60.034,1713
2024-12-08 04:00:00,FMPP,121.15,14757.4,60.011,1778
2024-12-08 03:00:00,FMPP,119.59,15255.4,59.962,1838
2024-12-08 02:00:00,FMPP,120.74,15595.7,59.984,1879
2024-12-08 01:00:00,FMPP,118.79,15778.3,59.96,1901
2024-12-08 00:00:00,FMPP,120.17,16085.4,60.054,1938
2024-12-07 23:00:00,FMPP,119.69,15504.4,60.001,1868
2024-12-07 22:00:00,FMPP,122.34,14823.8,60.095,1786
2024-12-07 21:00:00,FMPP,120.51,14583.1,59.997,1757
2024-12-07 20:00:00,FMPP,120.68,14408.8,59.965,1736
2024-12-07 19:00:00,FMPP,119.18,14508.4,59.924,1748
2024-12-07 18:00:00,FMPP,119.02,14732.5,59.91,1775
2024-12-07 17:00:00,FMPP,119.13,15371.6,59.921,1852
2024-12-07 16:00:00,FMPP,120.79,16143.5,60.013,1945
2024-12-07 15:00:00,FMPP,119.16,16882.2,60.025,2034
2024-12-07 14:00:00,FMPP,120.58,17280.6,59.921,2082
2024-12-07 13:00:00,FMPP,124.15,16832.4,60.045,2028
2024-12-07 12:00:00,FMPP,121.74,15736.8,59.976,1896
2024-12-07 11:00:00,FMPP,119.35,14624.6,60.007,1762
2024-12-07 10:00:00,FMPP,122.4,13877.6,60.081,1672
2024-12-07 09:00:00,FMPP,119.18,13479.2,60.045,1624
2024-12-07 08:00:00,FMPP,115.92,13288.3,59.987,1601
2024-12-07 07:00:00,FMPP,117.98,13429.4,59.955,1618
2024-12-07 06:00:00,FMPP,116.26,13786.3,59.892,1661
2024-12-07 05:00:00,FMPP,119.3,14483.5,59.964,1745
2024-12-07 04:00:00,FMPP,120.04,15205.6,59.989,1832
2024-12-07 03:00:00,FMPP,123.35,15828.1,59.951,1907
2024-12-07 02:00:00,FMPP,120.65,16259.7,59.993,1959
2024-12-07 01:00:00,FMPP,119.56,16450.6,60.004,1982
2024-12-07 00:00:00,FMPP,121.66,16716.2,59.989,2014
2024-12-06 23:00:00,FMPP,115.58,16201.6,59.967,1952
2024-12-06 22:00:00,FMPP,120.47,15512.7,60.008,1869
2024-12-06 21:00:00,FMPP,121.54,15263.7,60.022,1839
2024-12-06 20:00:00,FMPP,117.04,15421.4,59.945,1858
2024-12-06 19:00:00,FMPP,122.29,15479.5,60.071,1865
2024-12-06 18:00:00,FMPP,120.68,15454.6,59.995,1862
2024-12-06 17:00:00,FMPP,119.17,15180.7,60.001,1829
2024-12-06 16:00:00,FMPP,121.27,15130.9,60.035,1823
2024-12-06 15:00:00,FMPP,124.54,14989.8,60.012,1806
2024-12-06 14:00:00,FMPP,120.36,15039.6,60.048,1812
2024-12-06 13:00:00,FMPP,120.5,14906.8,60.014,1796
2024-12-06 12:00:00,FMPP,119.08,14051.9,59.969,1693
2024-12-06 11:00:00,FMPP,118.3,12458.3,60.018,1501
2024-12-06 10:00:00,FMPP,121.66,11404.2,59.943,1374
2024-12-06 09:00:00,FMPP,118.29,11047.3,60.005,1331
2024-12-06 08:00:00,FMPP,120.14,11047.3,59.998,1331
2024-12-06 07:00:00,FMPP,119.04,11304.6,59.99,1362
2024-12-06 06:00:00,FMPP,120.96,11935.4,59.994,1438
2024-12-06 05:00:00,FMPP,120.67,12889.9,59.906,1553
2024-12-06 04:00:00,FMPP,122.08,14076.8,59.973,1696
2024-12-06 03:00:00,FMPP,118.98,15255.4,60.005,1838
2024-12-06 02:00:00,FMPP,119.46,15977.5,60.008,1925
2024-12-06 01:00:00,FMPP,118.04,16492.1,59.949,1987
2024-12-06 00:00:00,FMPP,119.11,16832.4,60.063,2028
2024-12-05 23:00:00,FMPP,120.75,16276.3,59.957,1961
2024-12-05 22:00:00,FMPP,121.51,15521.0,60.048,1870
2024-12-05 21:00:00,FMPP,118.16,15247.1,60.021,1837
2024-12-05 20:00:00,FMPP,121.74,15039.6,59.968,1812
2024-12-05 19:00:00,FMPP,122.71,15023.0,60.089,1810
2024-12-05 18:00:00,FMPP,120.83,15106.0,59.94,1820
2024-12-05 17:00:00,FMPP,123.75,15238.8,60.046,1836
2024-12-05 16:00:00,FMPP,118.45,15736.8,60.05,1896
2024-12-05 15:00:00,FMPP,117.51,16458.9,59.966,1983
2024-12-05 14:00:00,FMPP,116.44,17521.3,60.07,2111
2024-12-05 13:00:00,FMPP,122.99,18135.5,59.987,2185
2024-12-05 12:00:00,FMPP,121.31,17396.8,60.014,2096
2024-12-05 11:00:00,FMPP,119.89,15479.5,60.013,1865
2024-12-05 10:00:00,FMPP,120.56,14118.3,59.993,1701
2024-12-05 09:00:00,FMPP,117.75,13520.7,60.041,1629
2024-12-05 08:00:00,FMPP,124.89,13379.6,60.04,1612
2024-12-05 07:00:00,FMPP,120.26,13479.2,59.913,1624
2024-12-05 06:00:00,FMPP,120.22,13819.5,60.065,1665
2024-12-05 05:00:00,FMPP,121.45,14549.9,59.917,1753
2024-12-05 04:00:00,FMPP,120.96,15911.1,60.052,1917
2024-12-05 03:00:00,FMPP,120.45,17272.3,60.056,2081
2024-12-05 02:00:00,FMPP,118.42,17654.1,59.945,2127
2024-12-05 01:00:00,FMPP,120.94,17579.4,59.979,2118
2024-12-05 00:00:00,FMPP,123.76,17604.3,59.945,2121
2024-12-04 23:00:00,FMPP,122.69,16666.4,59.989,2008
2024-12-04 22:00:00,FMPP,123.19,15720.2,59.985,1894
2024-12-04 21:00:00,FMPP,118.98,15230.5,60.039,1835
2024-12-04 20:00:00,FMPP,118.02,15023.0,60.066,1810
2024-12-04 19:00:00,FMPP,119.75,15330.1,60.07,1847
2024-12-04 18:00:00,FMPP,120.11,15562.5,59.972,1875
2024-12-04 17:00:00,FMPP,122.19,16259.7,59.99,1959
2024-12-04 16:00:00,FMPP,116.62,17197.6,59.916,2072
2024-12-04 15:00:00,FMPP,123.06,18450.9,59.96,2223
2024-12-04 14:00:00,FMPP,119.68,19787.2,60.048,2384
2024-12-04 13:00:00,FMPP,119.15,20426.3,60.081,2461
2024-12-04 12:00:00,FMPP,117.98,19554.8,59.938,2356
2024-12-04 11:00:00,FMPP,116.69,17388.5,59.97,2095
2024-12-04 10:00:00,FMPP,121.65,15811.5,59.999,1905
2024-12-04 09:00:00,FMPP,120.15,15072.8,60.014,1816
2024-12-04 08:00:00,FMPP,117.42,14724.2,59.96,1774
2024-12-04 07:00:00,FMPP,117.41,14699.3,60.021,1771
2024-12-04 06:00:00,FMPP,119.33,14948.3,59.976,1801
2024-12-04 05:00:00,FMPP,123.34,15637.2,59.999,1884
2024-12-04 04:00:00,FMPP,119.48,16624.9,60.027,2003
2024-12-04 03:00:00,FMPP,116.99,17596.0,60.0,2120
2024-12-04 02:00:00,FMPP,119.51,18301.5,59.978,2205
2024-12-04 01:00:00,FMPP,119.45,18392.8,59.995,2216
2024-12-04 00:00:00,FMPP,114.61,18243.4,59.996,2198
2024-12-03 23:00:00,FMPP,119.89,17006.7,59.981,2049
2024-12-03 22:00:00,FMPP,119.54,15778.3,59.987,1901
2024-12-03 21:00:00,FMPP,121.39,15197.3,60.08,1831
2024-12-03 20:00:00,FMPP,123.7,15014.7,60.028,1809
2024-12-03 19:00:00,FMPP,122.25,15288.6,59.985,1842
2024-12-03 18:00:00,FMPP,119.46,15620.6,60.035,1882
2024-12-03 17:00:00,FMPP,117.79,16268.0,59.983,1960
2024-12-03 16:00:00,FMPP,125.15,17139.5,60.059,2065
2024-12-03 15:00:00,FMPP,120.12,17803.5,60.018,2145
2024-12-03 14:00:00,FMPP,120.03,19098.3,59.995,2301
2024-12-03 13:00:00,FMPP,119.95,19554.8,60.022,2356
2024-12-03 12:00:00,FMPP,120.4,18558.8,59.921,2236
2024-12-03 11:00:00,FMPP,119.71,16525.3,59.944,1991
2024-12-03 10:00:00,FMPP,118.85,14848.7,59.94,1789
2024-12-03 09:00:00,FMPP,118.91,14159.8,60.007,1706
2024-12-03 08:00:00,FMPP,119.93,13927.4,60.087,1678
2024-12-03 07:00:00,FMPP,118.91,13952.3,60.112,1681
2024-12-03 06:00:00,FMPP,118.57,14259.4,60.032,1718
2024-12-03 05:00:00,FMPP,120.21,14848.7,60.025,1789
2024-12-03 04:00:00,FMPP,119.49,15844.7,59.91,1909
2024-12-03 03:00:00,FMPP,123.01,16824.1,59.973,2027
2024-12-03 02:00:00,FMPP,114.7,17430.0,59.961,2100
2024-12-03 01:00:00,FMPP,122.18,17695.6,59.969,2132
2024-12-03 00:00:00,FMPP,122.49,17620.9,59.992,2123
2024-12-02 23:00:00,FMPP,115.85,16616.6,59.976,2002
2024-12-02 22:00:00,FMPP,119.31,15388.2,59.901,1854
2024-12-02 21:00:00,FMPP,119.26,14865.3,60.037,1791
2024-12-02 20:00:00,FMPP,117.18,14765.7,59.946,1779
2024-12-02 19:00:00,FMPP,118.44,15031.3,60.012,1811
2024-12-02 18:00:00,FMPP,117.78,15346.7,60.104,1849
2024-12-02 17:00:00,FMPP,123.5,15761.7,59.954,1899
2024-12-02 16:00:00,FMPP,121.87,16384.2,59.873,1974
2024-12-02 15:00:00,FMPP,122.54,17139.5,59.986,2065
2024-12-02 14:00:00,FMPP,121.44,18085.7,60.055,2179
2024-12-02 13:00:00,FMPP,117.74,18243.4,60.098,2198
2024-12-02 12:00:00,FMPP,118.95,17131.2,59.939,2064
2024-12-02 11:00:00,FMPP,120.98,15122.6,60.025,1822
2024-12-02 10:00:00,FMPP,117.56,13711.6,59.977,1652
2024-12-02 09:00:00,FMPP,121.43,12964.6,59.995,1562
2024-12-02 08:00:00,FMPP,119.52,12823.5,60.132,1545
2024-12-02 07:00:00,FMPP,119.25,12873.3,59.925,1551
2024-12-02 06:00:00,FMPP,121.42,13230.2,60.013,1594
2024-12-02 05:00:00,FMPP,120.89,13844.4,60.023,1668
2024-12-02 04:00:00,FMPP,119.28,14749.1,60.054,1777
2024-12-02 03:00:00,FMPP,122.32,15711.9,60.005,1893
2024-12-02 02:00:00,FMPP,117.84,16110.3,60.015,1941
2024-12-02 01:00:00,FMPP,121.23,16375.9,59.98,1973
2024-12-02 00:00:00,FMPP,121.19,16409.1,60.013,1977
2024-12-01 23:00:00,FMPP,119.38,15529.3,59.983,1871
2024-12-01 22:00:00,FMPP,120.65,14740.8,60.031,1776
2024-12-01 21:00:00,FMPP,117.5,14300.9,59.982,1723
2024-12-01 20:00:00,FMPP,121.85,14151.5,60.019,1705
2024-12-01 19:00:00,FMPP,119.63,14201.3,59.999,1711
2024-12-01 18:00:00,FMPP,118.95,14267.7,60.056,1719
2024-12-01 17:00:00,FMPP,122.1,14541.6,59.997,1752
2024-12-01 16:00:00,FMPP,118.59,14790.6,59.911,1782
2024-12-01 15:00:00,FMPP,117.18,14989.8,60.063,1806
2024-12-01 14:00:00,FMPP,116.89,14948.3,59.955,1801
2024-12-01 13:00:00,FMPP,121.21,14118.3,59.967,1701
2024-12-01 12:00:00,FMPP,117.44,13172.1,59.97,1587
2024-12-01 11:00:00,FMPP,123.51,12433.4,60.069,1498
2024-12-01 10:00:00,FMPP,115.84,11952.0,59.893,1440
2024-12-01 09:00:00,FMPP,123.39,11777.7,60.157,1419
2024-12-01 08:00:00,FMPP,120.42,11810.9,60.053,1423
2024-12-01 07:00:00,FMPP,119.81,12101.4,60.011,1458
2024-12-01 06:00:00,FMPP,118.91,12549.6,59.997,1512
2024-12-01 05:00:00,FMPP,120.8,13138.9,60.014,1583
2024-12-01 04:00:00,FMPP,119.92,13794.6,60.026,1662
2024-12-01 03:00:00,FMPP,122.21,14392.2,60.032,1734
2024-12-01 02:00:00,FMPP,120.23,14881.9,60.028,1793
2024-12-01 01:00:00,FMPP,120.3,15122.6,60.004,1822
2024-12-01 00:00:00,FMPP,119.27,15330.1,59.99,1847
2024-11-30 23:00:00,FMPP,119.89,14973.2,59.992,1804
2024-11-30 22:00:00,FMPP,120.62,14259.4,59.99,1718
2024-11-30 21:00:00,FMPP,116.58,14010.4,60.057,1688
2024-11-30 20:00:00,FMPP,117.3,13910.8,60.03,1676
2024-11-30 19:00:00,FMPP,121.49,13844.4,59.853,1668
2024-11-30 18:00:00,FMPP,120.34,13944.0,60.033,1680
2024-11-30 17:00:00,FMPP,119.63,14076.8,60.01,1696
2024-11-30 16:00:00,FMPP,120.04,14392.2,59.999,1734
2024-11-30 15:00:00,FMPP,120.7,14408.8,59.981,1736
2024-11-30 14:00:00,FMPP,118.92,13993.8,60.056,1686
2024-11-30 13:00:00,FMPP,118.44,12997.8,60.047,1566
2024-11-30 12:00:00,FMPP,120.39,12101.4,59.961,1458
2024-11-30 11:00:00,FMPP,118.04,11288.0,60.02,1360
2024-11-30 10:00:00,FMPP,120.82,10823.2,59.951,1304
2024-11-30 09:00:00,FMPP,116.59,10698.7,59.931,1289
2024-11-30 08:00:00,FMPP,122.06,10773.4,59.969,1298
2024-11-30 07:00:00,FMPP,120.95,11163.5,60.043,1345
2024-11-30 06:00:00,FMPP,120.51,11703.0,60.048,1410
2024-11-30 05:00:00,FMPP,121.97,12425.1,60.026,1497
2024-11-30 04:00:00,FMPP,123.33,13288.3,60.036,1601
2024-11-30 03:00:00,FMPP,122.03,14085.1,60.026,1697
2024-11-30 02:00:00,FMPP,116.32,14682.7,59.968,1769
2024-11-30 01:00:00,FMPP,117.44,15147.5,60.022,1825
2024-11-30 00:00:00,FMPP,118.75,15703.6,60.04,1892
2024-11-29 23:00:00,FMPP,120.05,15877.9,60.038,1913
2024-11-29 22:00:00,FMPP,121.04,15753.4,60.059,1898
2024-11-29 21:00:00,FMPP,118.55,15786.6,60.035,1902
2024-11-29 20:00:00,FMPP,120.37,15927.7,60.018,1919
2024-11-29 19:00:00,FMPP,118.49,15811.5,60.054,1905
2024-11-29 18:00:00,FMPP,118.78,15728.5,59.999,1895
2024-11-29 17:00:00,FMPP,117.19,15396.5,59.956,1855
2024-11-29 16:00:00,FMPP,118.15,15031.3,59.992,1811
2024-11-29 15:00:00,FMPP,117.3,14168.1,59.963,1707
2024-11-29 14:00:00,FMPP,118.05,13288.3,59.966,1601
2024-11-29 13:00:00,FMPP,122.11,12101.4,59.993,1458
2024-11-29 12:00:00,FMPP,118.1,11570.2,59.96,1394
2024-11-29 11:00:00,FMPP,125.26,10980.9,59.985,1323
2024-11-29 10:00:00,FMPP,120.99,10665.5,59.905,1285
2024-11-29 09:00:00,FMPP,120.37,10524.4,60.011,1268
2024-11-29 08:00:00,FMPP,118.28,10731.9,60.0,1293
2024-11-29 07:00:00,FMPP,121.4,11146.9,59.959,1343
2024-11-29 06:00:00,FMPP,118.85,11736.2,60.033,1414
2024-11-29 05:00:00,FMPP,120.24,12616.0,60.047,1520
2024-11-29 04:00:00,FMPP,125.12,13446.0,59.92,1620
2024-11-29 03:00:00,FMPP,119.81,14060.2,59.962,1694
2024-11-29 02:00:00,FMPP,122.3,14666.1,59.962,1767
2024-11-29 01:00:00,FMPP,118.59,15346.7,59.953,1849
2024-11-29 00:00:00,FMPP,119.93,16334.4,60.041,1968
2024-11-28 23:00:00,FMPP,123.54,17131.2,59.99,2064
2024-11-28 22:00:00,FMPP,118.75,18052.5,59.987,2175
2024-11-28 21:00:00,FMPP,123.62,18782.9,59.9,2263
2024-11-28 20:00:00,FMPP,121.42,18924.0,60.032,2280
2024-11-28 19:00:00,FMPP,118.88,18733.1,59.938,2257
2024-11-28 18:00:00,FMPP,121.26,18143.8,60.003,2186
2024-11-28 17:00:00,FMPP,121.95,17147.8,60.014,2066
2024-11-28 16:00:00,FMPP,121.24,15919.4,60.068,1918
2024-11-28 15:00:00,FMPP,116.86,14699.3,59.935,1771
2024-11-28 14:00:00,FMPP,118.55,13363.0,59.849,1610
2024-11-28 13:00:00,FMPP,119.5,11985.2,60.009,1444
2024-11-28 12:00:00,FMPP,119.85,11155.2,60.09,1344
2024-11-28 11:00:00,FMPP,121.24,10632.3,60.062,1281
2024-11-28 10:00:00,FMPP,120.36,10350.1,60.01,1247
2024-11-28 09:00:00,FMPP,117.33,10399.9,59.975,1253
2024-11-28 08:00:00,FMPP,120.76,10657.2,60.04,1284
2024-11-28 07:00:00,FMPP,121.22,11246.5,59.951,1355
2024-11-28 06:00:00,FMPP,121.12,12126.3,60.024,1461
2024-11-28 05:00:00,FMPP,122.16,13230.2,60.025,1594
2024-11-28 04:00:00,FMPP,121.67,14383.9,60.053,1733
2024-11-28 03:00:00,FMPP,120.92,15479.5,60.138,1865
2024-11-28 02:00:00,FMPP,119.86,16317.8,60.02,1966
2024-11-28 01:00:00,FMPP,116.68,17048.2,59.975,2054
2024-11-28 00:00:00,FMPP,120.86,17861.6,59.999,2152
2024-11-27 23:00:00,FMPP,120.42,18077.4,59.912,2178
2024-11-27 22:00:00,FMPP,120.54,18384.5,59.965,2215
2024-11-27 21:00:00,FMPP,117.45,18343.0,59.98,2210
2024-11-27 20:00:00,FMPP,117.84,17994.4,59.974,2168
2024-11-27 19:00:00,FMPP,122.11,17272.3,60.008,2081
2024-11-27 18:00:00,FMPP,119.92,16442.3,59.959,1981
2024-11-27 17:00:00,FMPP,121.36,15728.5,60.056,1895
2024-11-27 16:00:00,FMPP,120.06,15114.3,60.0,1821
2024-11-27 15:00:00,FMPP,120.06,14508.4,60.0,1748
2024-11-27 14:00:00,FMPP,121.88,13952.3,59.984,1681
2024-11-27 13:00:00,FMPP,118.97,13089.1,60.008,1577
2024-11-27 12:00:00,FMPP,120.19,12250.8,60.041,1476
2024-11-27 11:00:00,FMPP,119.08,11362.7,59.957,1369
2024-11-27 10:00:00,FMPP,119.13,10657.2,59.967,1284
2024-11-27 09:00:00,FMPP,119.38,10383.3,59.985,1251
2024-11-27 08:00:00,FMPP,120.44,10557.6,59.933,1272
2024-11-27 07:00:00,FMPP,119.04,10947.7,59.959,1319
2024-11-27 06:00:00,FMPP,122.51,11761.1,59.976,1417
2024-11-27 05:00:00,FMPP,118.21,12757.1,60.044,1537
2024-11-27 04:00:00,FMPP,119.63,13935.7,60.013,1679
2024-11-27 03:00:00,FMPP,119.12,15047.9,60.01,1813
2024-11-27 02:00:00,FMPP,122.89,16019.0,60.043,1930
2024-11-27 01:00:00,FMPP,120.39,16699.6,59.993,2012
2024-11-27 00:00:00,FMPP,122.06,17355.3,60.02,2091
2024-11-26 23:00:00,FMPP,117.03,17355.3,59.995,2091
2024-11-26 22:00:00,FMPP,120.53,17463.2,60.013,2104
2024-11-26 21:00:00,FMPP,121.78,17371.9,59.971,2093
2024-11-26 20:00:00,FMPP,120.16,16907.1,59.878,2037
2024-11-26 19:00:00,FMPP,122.13,16367.6,59.993,1972
2024-11-26 18:00:00,FMPP,118.97,15753.4,60.071,1898
2024-11-26 17:00:00,FMPP,122.82,15238.8,60.046,1836
2024-11-26 16:00:00,FMPP,124.6,14940.0,60.048,1800
2024-11-26 15:00:00,FMPP,119.27,14657.8,60.062,1766
2024-11-26 14:00:00,FMPP,119.11,14442.0,60.004,1740
2024-11-26 13:00:00,FMPP,122.91,13960.6,60.01,1682
2024-11-26 12:00:00,FMPP,123.16,12931.4,59.969,1558
2024-11-26 11:00:00,FMPP,118.95,11869.0,59.984,1430
2024-11-26 10:00:00,FMPP,119.16,10956.0,60.031,1320
2024-11-26 09:00:00,FMPP,119.44,10690.4,60.06,1288
2024-11-26 08:00:00,FMPP,117.31,10740.2,59.993,1294
2024-11-26 07:00:00,FMPP,118.16,11030.7,59.977,1329
2024-11-26 06:00:00,FMPP,117.99,11711.3,60.0,1411
2024-11-26 05:00:00,FMPP,118.46,12557.9,60.03,1513
2024-11-26 04:00:00,FMPP,119.93,13827.8,59.928,1666
2024-11-26 03:00:00,FMPP,120.47,14848.7,59.885,1789
2024-11-26 02:00:00,FMPP,123.1,15811.5,59.972,1905
2024-11-26 01:00:00,FMPP,118.0,16541.9,59.939,1993
2024-11-26 00:00:00,FMPP,121.97,17479.8,59.975,2106
2024-11-25 23:00:00,FMPP,119.57,17529.6,59.993,2112
2024-11-25 22:00:00,FMPP,119.9,16483.8,59.977,1986
2024-11-25 21:00:00,FMPP,121.35,16351.0,60.073,1970
2024-11-25 20:00:00,FMPP,117.75,15902.8,60.016,1916
2024-11-25 19:00:00,FMPP,120.76,15438.0,60.015,1860
2024-11-25 18:00:00,FMPP,120.33,15122.6,60.031,1822
2024-11-25 17:00:00,FMPP,120.98,14790.6,59.943,1782
2024-11-25 16:00:00,FMPP,120.58,14699.3,60.052,1771
2024-11-25 15:00:00,FMPP,124.91,14865.3,59.996,1791
2024-11-25 14:00:00,FMPP,118.72,14915.1,60.034,1797
2024-11-25 13:00:00,FMPP,118.94,14599.7,59.946,1759
2024-11-25 12:00:00,FMPP,118.75,13562.2,59.922,1634
2024-11-25 11:00:00,FMPP,118.89,12375.3,60.041,1491
2024-11-25 10:00:00,FMPP,118.73,11429.1,60.019,1377
2024-11-25 09:00:00,FMPP,122.38,10972.6,59.955,1322
2024-11-25 08:00:00,FMPP,122.84,10947.7,59.957,1319
2024-11-25 07:00:00,FMPP,118.86,11005.8,60.056,1326
2024-11-25 06:00:00,FMPP,118.34,11578.5,59.941,1395
2024-11-25 05:00:00,FMPP,120.94,12259.1,60.082,1477
2024-11-25 04:00:00,FMPP,118.9,13114.0,59.955,1580
2024-11-25 03:00:00,FMPP,121.27,14143.2,60.032,1704
2024-11-25 02:00:00,FMPP,120.41,14765.7,59.984,1779
2024-11-25 01:00:00,FMPP,116.97,15189.0,60.03,1830
2024-11-25 00:00:00,FMPP,123.1,15554.2,59.973,1874
2024-11-24 23:00:00,FMPP,123.59,15164.1,59.992,1827
2024-11-24 22:00:00,FMPP,118.77,14757.4,60.002,1778
2024-11-24 21:00:00,FMPP,119.22,14591.4,59.95,1758
2024-11-24 20:00:00,FMPP,120.57,14217.9,60.037,1713
2024-11-24 19:00:00,FMPP,120.67,14051.9,59.974,1693
2024-11-24 18:00:00,FMPP,121.32,13885.9,59.989,1673
2024-11-24 17:00:00,FMPP,124.02,13927.4,59.95,1678
2024-11-24 16:00:00,FMPP,119.65,14143.2,59.872,1704
2024-11-24 15:00:00,FMPP,118.4,14525.0,59.99,1750
2024-11-24 14:00:00,FMPP,117.24,14591.4,60.121,1758
2024-11-24 13:00:00,FMPP,118.54,13985.5,60.039,1685
2024-11-24 12:00:00,FMPP,119.93,13155.5,59.999,1585
2024-11-24 11:00:00,FMPP,123.59,12433.4,59.987,1498
2024-11-24 10:00:00,FMPP,118.96,11927.1,60.001,1437
2024-11-24 09:00:00,FMPP,120.45,11669.8,60.027,1406
2024-11-24 08:00:00,FMPP,119.97,11802.6,59.941,1422
2024-11-24 07:00:00,FMPP,122.38,11935.4,60.056,1438
2024-11-24 06:00:00,FMPP,125.05,12408.5,60.036,1495
2024-11-24 05:00:00,FMPP,118.94,12989.5,60.036,1565
2024-11-24 04:00:00,FMPP,119.02,13628.6,60.022,1642
2024-11-24 03:00:00,FMPP,122.09,14159.8,60.001,1706
2024-11-24 02:00:00,FMPP,121.36,14641.2,60.034,1764
2024-11-24 01:00:00,FMPP,123.69,14906.8,60.03,1796
2024-11-24 00:00:00,FMPP,121.17,15147.5,59.982,1825
2024-11-23 23:00:00,FMPP,119.28,14616.3,59.971,1761
2024-11-23 22:00:00,FMPP,121.18,14159.8,60.005,1706
2024-11-23 21:00:00,FMPP,122.22,13894.2,60.077,1674
2024-11-23 20:00:00,FMPP,121.64,13761.4,59.938,1658
2024-11-23 19:00:00,FMPP,121.01,13769.7,59.927,1659
2024-11-23 18:00:00,FMPP,122.13,13919.1,60.008,1677
2024-11-23 17:00:00,FMPP,122.34,14101.7,60.003,1699
2024-11-23 16:00:00,FMPP,122.76,14549.9,60.009,1753
2024-11-23 15:00:00,FMPP,121.3,14715.9,60.012,1773
2024-11-23 14:00:00,FMPP,119.67,14558.2,59.989,1754
2024-11-23 13:00:00,FMPP,120.29,14002.1,60.074,1687
2024-11-23 12:00:00,FMPP,122.41,12981.2,59.92,1564
2024-11-23 11:00:00,FMPP,118.37,12151.2,59.959,1464
2024-11-23 10:00:00,FMPP,120.74,11553.6,59.995,1392
2024-11-23 09:00:00,FMPP,119.21,11354.4,59.918,1368
2024-11-23 08:00:00,FMPP,120.06,11420.8,59.991,1376
2024-11-23 07:00:00,FMPP,122.56,11603.4,60.083,1398
2024-11-23 06:00:00,FMPP,120.38,12184.4,60.001,1468
2024-11-23 05:00:00,FMPP,120.09,12823.5,60.012,1545
2024-11-23 04:00:00,FMPP,117.28,13744.8,59.937,1656
2024-11-23 03:00:00,FMPP,121.49,14483.5,59.969,1745
2024-11-23 02:00:00,FMPP,121.29,15031.3,59.981,1811
2024-11-23 01:00:00,FMPP,124.33,15429.7,59.984,1859
2024-11-23 00:00:00,FMPP,119.38,15861.3,60.064,1911
2024-11-22 23:00:00,FMPP,120.44,15446.3,60.028,1861
2024-11-22 22:00:00,FMPP,120.5,14848.7,59.944,1789
2024-11-22 21:00:00,FMPP,123.15,14699.3,60.012,1771
2024-11-22 20:00:00,FMPP,119.81,14367.3,60.025,1731
2024-11-22 19:00:00,FMPP,120.56,14392.2,60.057,1734
2024-11-22 18:00:00,FMPP,121.22,14309.2,60.079,1724
2024-11-22 17:00:00,FMPP,120.37,14500.1,59.949,1747
2024-11-22 16:00:00,FMPP,119.11,14599.7,59.959,1759
2024-11-22 15:00:00,FMPP,120.39,14881.9,59.937,1793
2024-11-22 14:00:00,FMPP,122.15,14898.5,59.988,1795
2024-11-22 13:00:00,FMPP,117.95,14682.7,60.023,1769
2024-11-22 12:00:00,FMPP,120.27,13636.9,60.049,1643
2024-11-22 11:00:00,FMPP,118.6,12051.6,59.996,1452
2024-11-22 10:00:00,FMPP,122.39,11005.8,59.984,1326
2024-11-22 09:00:00,FMPP,116.95,10690.4,60.008,1288
2024-11-22 08:00:00,FMPP,118.88,10648.9,59.958,1283
2024-11-22 07:00:00,FMPP,120.75,10997.5,60.104,1325
2024-11-22 06:00:00,FMPP,123.13,11478.9,59.92,1383
2024-11-22 05:00:00,FMPP,119.87,12400.2,60.009,1494
2024-11-22 04:00:00,FMPP,118.89,13487.5,60.101,1625
2024-11-22 03:00:00,FMPP,123.76,14591.4,60.0,1758
2024-11-22 02:00:00,FMPP,117.1,15404.8,59.99,1856
2024-11-22 01:00:00,FMPP,115.6,15969.2,59.982,1924
2024-11-22 00:00:00,FMPP,120.88,16417.4,59.991,1978
2024-11-21 23:00:00,FMPP,119.0,15936.0,60.069,1920
2024-11-21 22:00:00,FMPP,117.96,15628.9,59.889,1883
2024-11-21 21:00:00,FMPP,121.42,15537.6,60.077,1872
2024-11-21 20:00:00,FMPP,120.49,15247.1,59.929,1837
2024-11-21 19:00:00,FMPP,118.87,15031.3,59.987,1811
2024-11-21 18:00:00,FMPP,117.44,14807.2,59.979,1784
2024-11-21 17:00:00,FMPP,121.74,14549.9,60.029,1753
2024-11-21 16:00:00,FMPP,121.3,14392.2,59.92,1734
2024-11-21 15:00:00,FMPP,119.8,14242.8,60.023,1716
2024-11-21 14:00:00,FMPP,123.69,14118.3,60.101,1701
2024-11-21 13:00:00,FMPP,117.86,13778.0,59.932,1660
2024-11-21 12:00:00,FMPP,116.95,13246.8,60.009,1596
2024-11-21 11:00:00,FMPP,118.62,12018.4,59.967,1448
2024-11-21 10:00:00,FMPP,119.91,11371.0,60.021,1370
2024-11-21 09:00:00,FMPP,120.49,11329.5,60.001,1365
2024-11-21 08:00:00,FMPP,119.52,11711.3,59.968,1411
2024-11-21 07:00:00,FMPP,120.7,12483.2,60.024,1504
2024-11-21 06:00:00,FMPP,117.5,13437.7,60.09,1619
2024-11-21 05:00:00,FMPP,122.89,14915.1,59.99,1797
2024-11-21 04:00:00,FMPP,119.84,16450.6,60.036,1982
2024-11-21 03:00:00,FMPP,122.23,18027.6,59.935,2172
2024-11-21 02:00:00,FMPP,120.69,19073.4,59.952,2298
2024-11-21 01:00:00,FMPP,120.91,19870.2,60.024,2394
2024-11-21 00:00:00,FMPP,121.14,20451.2,60.074,2464
2024-11-20 23:00:00,FMPP,120.9,20276.9,60.018,2443
2024-11-20 22:00:00,FMPP,121.29,19969.8,59.984,2406
2024-11-20 21:00:00,FMPP,122.66,20061.1,60.0,2417
2024-11-20 20:00:00,FMPP,120.39,19820.4,59.937,2388
2024-11-20 19:00:00,FMPP,121.42,19446.9,60.03,2343
2024-11-20 18:00:00,FMPP,119.82,19065.1,60.044,2297
2024-11-20 17:00:00,FMPP,122.88,18152.1,59.977,2187
2024-11-20 16:00:00,FMPP,118.65,17496.4,59.976,2108
2024-11-20 15:00:00,FMPP,123.6,16699.6,60.013,2012
2024-11-20 14:00:00,FMPP,119.92,15886.2,59.978,1914
2024-11-20 13:00:00,FMPP,117.14,15197.3,59.997,1831
2024-11-20 12:00:00,FMPP,120.26,14458.6,60.105,1742
2024-11-20 11:00:00,FMPP,118.64,13138.9,59.988,1583
2024-11-20 10:00:00,FMPP,121.68,12225.9,59.982,1473
2024-11-20 09:00:00,FMPP,118.69,12018.4,59.968,1448
2024-11-20 08:00:00,FMPP,119.11,12167.8,60.037,1466
2024-11-20 07:00:00,FMPP,116.22,12640.9,59.991,1523
2024-11-20 06:00:00,FMPP,119.1,13221.9,59.968,1593
2024-11-20 05:00:00,FMPP,115.15,14334.1,60.066,1727
2024-11-20 04:00:00,FMPP,116.83,15786.6,60.071,1902
2024-11-20 03:00:00,FMPP,121.52,17139.5,59.97,2065
2024-11-20 02:00:00,FMPP,121.57,18035.9,59.907,2173
2024-11-20 01:00:00,FMPP,120.85,18948.9,60.05,2283
2024-11-20 00:00:00,FMPP,118.07,19654.4,59.966,2368
2024-11-19 23:00:00,FMPP,119.9,19546.5,60.04,2355
2024-11-19 22:00:00,FMPP,119.99,19413.7,59.901,2339
2024-11-19 21:00:00,FMPP,117.68,19297.5,60.045,2325
2024-11-19 20:00:00,FMPP,123.01,19388.8,59.939,2336
2024-11-19 19:00:00,FMPP,121.75,19065.1,60.037,2297
2024-11-19 18:00:00,FMPP,119.56,18309.8,60.001,2206
2024-11-19 17:00:00,FMPP,120.05,17330.4,59.952,2088
2024-11-19 16:00:00,FMPP,120.42,16351.0,59.98,1970
2024-11-19 15:00:00,FMPP,115.92,15537.6,60.034,1872
2024-11-19 14:00:00,FMPP,119.51,14840.4,60.005,1788
2024-11-19 13:00:00,FMPP,118.64,14085.1,60.029,1697
2024-11-19 12:00:00,FMPP,118.0,13304.9,60.099,1603
2024-11-19 11:00:00,FMPP,119.44,12051.6,59.922,1452
2024-11-19 10:00:00,FMPP,123.6,11213.3,60.081,1351
2024-11-19 09:00:00,FMPP,121.28,11122.0,60.005,1340
2024-11-19 08:00:00,FMPP,118.86,11263.1,59.955,1357
2024-11-19 07:00:00,FMPP,121.15,11810.9,59.933,1423
2024-11-19 06:00:00,FMPP,122.8,12549.6,59.991,1512
2024-11-19 05:00:00,FMPP,121.85,13778.0,60.046,1660
2024-11-19 04:00:00,FMPP,120.12,15222.2,59.994,1834
2024-11-19 03:00:00,FMPP,118.71,16558.5,60.076,1995
2024-11-19 02:00:00,FMPP,121.4,17596.0,59.927,2120
2024-11-19 01:00:00,FMPP,120.79,18367.9,59.999,2213
2024-11-19 00:00:00,FMPP,121.79,18907.4,59.937,2278
2024-11-18 23:00:00,FMPP,121.27,18625.2,60.018,2244
2024-11-18 22:00:00,FMPP,122.1,18318.1,60.044,2207
2024-11-18 21:00:00,FMPP,118.93,18243.4,59.979,2198
2024-11-18 20:00:00,FMPP,122.63,18177.0,59.87,2190
2024-11-18 19:00:00,FMPP,120.4,17919.7,60.01,2159
2024-11-18 18:00:00,FMPP,124.15,17181.0,60.022,2070
2024-11-18 17:00:00,FMPP,118.62,16508.7,60.02,1989
2024-11-18 16:00:00,FMPP,123.47,15927.7,60.062,1919
2024-11-18 15:00:00,FMPP,120.4,15122.6,59.946,1822
2024-11-18 14:00:00,FMPP,118.7,14475.2,60.034,1744
2024-11-18 13:00:00,FMPP,119.03,13852.7,60.06,1669
2024-11-18 12:00:00,FMPP,119.36,13047.6,59.911,1572
2024-11-18 11:00:00,FMPP,120.85,11703.0,60.016,1410
2024-11-18 10:00:00,FMPP,121.05,10856.4,59.975,1308
2024-11-18 09:00:00,FMPP,118.85,10599.1,59.996,1277
2024-11-18 08:00:00,FMPP,119.95,10474.6,60.017,1262
2024-11-18 07:00:00,FMPP,124.28,11113.7,59.976,1339
2024-11-18 06:00:00,FMPP,123.46,11893.9,59.966,1433
2024-11-18 05:00:00,FMPP,120.87,12881.6,60.002,1552
2024-11-18 04:00:00,FMPP,120.08,14242.8,59.946,1716
2024-11-18 03:00:00,FMPP,120.24,15504.4,59.946,1868
2024-11-18 02:00:00,FMPP,121.23,16566.8,60.034,1996
2024-11-18 01:00:00,FMPP,117.95,17355.3,59.943,2091
2024-11-18 00:00:00,FMPP,119.49,18035.9,60.033,2173
2024-11-17 23:00:00,FMPP,116.66,17911.4,60.023,2158
2024-11-17 22:00:00,FMPP,120.8,18085.7,59.914,2179
2024-11-17 21:00:00,FMPP,121.29,18118.9,59.966,2183
2024-11-17 20:00:00,FMPP,119.03,18019.3,60.06,2171
2024-11-17 19:00:00,FMPP,123.15,17654.1,59.951,2127
2024-11-17 18:00:00,FMPP,117.55,17039.9,59.977,2053
2024-11-17 17:00:00,FMPP,117.07,16126.9,60.023,1943
2024-11-17 16:00:00,FMPP,120.45,15213.9,60.039,1833
2024-11-17 15:00:00,FMPP,122.09,14334.1,59.987,1727
2024-11-17 14:00:00,FMPP,123.37,13006.1,59.97,1567
2024-11-17 13:00:00,FMPP,119.08,11711.3,60.071,1411
2024-11-17 12:00:00,FMPP,122.16,11180.1,60.087,1347
2024-11-17 11:00:00,FMPP,119.92,10748.5,60.049,1295
2024-11-17 10:00:00,FMPP,119.65,10557.6,60.004,1272
2024-11-17 09:00:00,FMPP,121.77,10707.0,59.96,1290
2024-11-17 08:00:00,FMPP,121.3,10939.4,59.958,1318
2024-11-17 07:00:00,FMPP,116.85,11379.3,60.026,1371
2024-11-17 06:00:00,FMPP,122.95,12134.6,60.021,1462
2024-11-17 05:00:00,FMPP,122.76,13114.0,60.07,1580
2024-11-17 04:00:00,FMPP,118.75,14051.9,60.033,1693
2024-11-17 03:00:00,FMPP,120.79,14948.3,59.925,1801
2024-11-17 02:00:00,FMPP,120.99,15695.3,60.053,1891
2024-11-17 01:00:00,FMPP,120.52,16434.0,59.95,1980
2024-11-17 00:00:00,FMPP,118.9,17247.4,59.981,2078
2024-11-16 23:00:00,FMPP,118.66,17272.3,60.013,2081
2024-11-16 22:00:00,FMPP,119.95,17637.5,60.1,2125
2024-11-16 21:00:00,FMPP,122.35,17662.4,60.155,2128
2024-11-16 20:00:00,FMPP,121.09,17396.8,60.03,2096
2024-11-16 19:00:00,FMPP,119.26,16832.4,59.991,2028
2024-11-16 18:00:00,FMPP,121.54,16143.5,60.027,1945
2024-11-16 17:00:00,FMPP,114.3,15213.9,60.044,1833
2024-11-16 16:00:00,FMPP,122.3,14525.0,59.984,1750
2024-11-16 15:00:00,FMPP,116.52,13711.6,60.09,1652
2024-11-16 14:00:00,FMPP,119.28,12740.5,60.012,1535
2024-11-16 13:00:00,FMPP,117.76,11711.3,60.025,1411
2024-11-16 12:00:00,FMPP,117.41,11088.8,60.033,1336
2024-11-16 11:00:00,FMPP,122.32,10607.4,60.021,1278
2024-11-16 10:00:00,FMPP,119.06,10333.5,60.042,1245
2024-11-16 09:00:00,FMPP,120.69,10416.5,59.969,1255
2024-11-16 08:00:00,FMPP,119.91,10690.4,59.972,1288
2024-11-16 07:00:00,FMPP,120.95,11238.2,59.945,1354
2024-11-16 06:00:00,FMPP,120.15,11835.8,60.022,1426
2024-11-16 05:00:00,FMPP,117.43,12831.8,60.039,1546
2024-11-16 04:00:00,FMPP,121.99,13910.8,60.023,1676
2024-11-16 03:00:00,FMPP,119.01,14998.1,60.084,1807
2024-11-16 02:00:00,FMPP,116.89,15853.0,60.0,1910
2024-11-16 01:00:00,FMPP,119.14,16757.7,60.033,2019
2024-11-16 00:00:00,FMPP,123.0,17737.1,59.945,2137
2024-11-15 23:00:00,FMPP,121.7,18060.8,59.981,2176
2024-11-15 22:00:00,FMPP,119.3,18708.2,60.035,2254
2024-11-15 21:00:00,FMPP,119.3,19056.8,60.042,2296
2024-11-15 20:00:00,FMPP,119.36,18957.2,59.985,2284
2024-11-15 19:00:00,FMPP,124.15,18683.3,59.996,2251
2024-11-15 18:00:00,FMPP,120.76,17836.7,59.924,2149
2024-11-15 17:00:00,FMPP,120.86,17114.6,59.982,2062
2024-11-15 16:00:00,FMPP,122.06,16384.2,60.045,1974
2024-11-15 15:00:00,FMPP,120.48,15678.7,60.029,1889
2024-11-15 14:00:00,FMPP,119.48,15438.0,60.025,1860
2024-11-15 13:00:00,FMPP,119.61,14674.4,60.002,1768
2024-11-15 12:00:00,FMPP,119.86,13985.5,60.0,1685
2024-11-15 11:00:00,FMPP,119.93,12765.4,59.967,1538
2024-11-15 10:00:00,FMPP,121.46,12018.4,60.035,1448
2024-11-15 09:00:00,FMPP,120.1,11952.0,60.021,1440
2024-11-15 08:00:00,FMPP,121.47,12209.3,60.025,1471
2024-11-15 07:00:00,FMPP,119.84,12823.5,59.974,1545
2024-11-15 06:00:00,FMPP,120.16,13670.1,59.892,1647
2024-11-15 05:00:00,FMPP,116.0,14973.2,60.055,1804
2024-11-15 04:00:00,FMPP,121.83,16600.0,59.976,2000
2024-11-15 03:00:00,FMPP,120.69,18127.2,59.957,2184
2024-11-15 02:00:00,FMPP,122.0,19114.9,60.035,2303
2024-11-15 01:00:00,FMPP,114.21,20102.6,59.98,2422
2024-11-15 00:00:00,FMPP,124.18,21032.2,60.053,2534
2024-11-14 23:00:00,FMPP,119.72,21115.2,60.031,2544
2024-11-14 22:00:00,FMPP,122.22,21629.8,60.034,2606
2024-11-14 21:00:00,FMPP,117.92,21663.0,59.932,2610
2024-11-14 20:00:00,FMPP,121.23,21488.7,60.061,2589
2024-11-14 19:00:00,FMPP,117.89,20774.9,60.013,2503
2024-11-14 18:00:00,FMPP,118.75,19969.8,59.982,2406
2024-11-14 17:00:00,FMPP,123.83,18924.0,60.007,2280
2024-11-14 16:00:00,FMPP,119.62,17811.8,59.911,2146
2024-11-14 15:00:00,FMPP,120.43,16724.5,60.02,2015
2024-11-14 14:00:00,FMPP,121.74,15562.5,59.949,1875
2024-11-14 13:00:00,FMPP,120.99,14624.6,59.932,1762
2024-11-14 12:00:00,FMPP,120.3,13844.4,59.924,1668
2024-11-14 11:00:00,FMPP,120.73,12649.2,60.056,1524
2024-11-14 10:00:00,FMPP,124.81,11827.5,59.969,1425
2024-11-14 09:00:00,FMPP,119.88,11694.7,60.077,1409
2024-11-14 08:00:00,FMPP,120.4,11935.4,59.973,1438
2024-11-14 07:00:00,FMPP,122.1,12466.6,59.915,1502
2024-11-14 06:00:00,FMPP,122.21,13230.2,59.944,1594
2024-11-14 05:00:00,FMPP,122.37,14276.0,60.062,1720
2024-11-14 04:00:00,FMPP,121.28,15936.0,59.992,1920
2024-11-14 03:00:00,FMPP,117.71,17264.0,59.973,2080
2024-11-14 02:00:00,FMPP,123.27,18426.0,60.008,2220
2024-11-14 01:00:00,FMPP,117.71,19405.4,60.025,2338
2024-11-14 00:00:00,FMPP,120.61,20127.5,60.056,2425
2024-11-13 23:00:00,FMPP,118.49,20185.6,60.072,2432
2024-11-13 22:00:00,FMPP,119.87,20600.6,59.982,2482
2024-11-13 21:00:00,FMPP,120.66,21256.3,59.934,2561
2024-11-13 20:00:00,FMPP,120.64,21297.8,59.979,2566
2024-11-13 19:00:00,FMPP,120.84,21198.2,60.013,2554
2024-11-13 18:00:00,FMPP,123.23,20899.4,59.952,2518
2024-11-13 17:00:00,FMPP,120.91,20193.9,59.952,2433
2024-11-13 16:00:00,FMPP,119.51,19372.2,60.017,2334
2024-11-13 15:00:00,FMPP,121.93,18243.4,59.998,2198
2024-11-13 14:00:00,FMPP,122.38,16965.2,60.002,2044
2024-11-13 13:00:00,FMPP,117.54,15778.3,59.962,1901
2024-11-13 12:00:00,FMPP,121.19,14815.5,59.988,1785
2024-11-13 11:00:00,FMPP,121.4,13612.0,59.954,1640
2024-11-13 10:00:00,FMPP,119.4,12831.8,60.045,1546
2024-11-13 09:00:00,FMPP,122.75,12715.6,60.052,1532
2024-11-13 08:00:00,FMPP,119.7,13014.4,59.908,1568
2024-11-13 07:00:00,FMPP,120.25,13578.8,59.954,1636
2024-11-13 06:00:00,FMPP,119.65,14466.9,59.925,1743
2024-11-13 05:00:00,FMPP,120.03,15877.9,59.967,1913
2024-11-13 04:00:00,FMPP,117.81,17421.7,59.996,2099
2024-11-13 03:00:00,FMPP,117.12,19056.8,59.928,2296
2024-11-13 02:00:00,FMPP,123.19,20227.1,59.954,2437
2024-11-13 01:00:00,FMPP,118.31,21422.3,59.95,2581
2024-11-13 00:00:00,FMPP,118.02,22642.4,60.01,2728
2024-11-12 23:00:00,FMPP,115.69,22708.8,60.003,2736
2024-11-12 22:00:00,FMPP,118.72,23364.5,59.964,2815
2024-11-12 21:00:00,FMPP,117.35,23738.0,60.009,2860
2024-11-12 20:00:00,FMPP,123.28,23845.9,59.973,2873
2024-11-12 19:00:00,FMPP,122.02,23356.2,59.986,2814
2024-11-12 18:00:00,FMPP,118.62,22551.1,60.084,2717
2024-11-12 17:00:00,FMPP,124.5,21339.3,60.067,2571
2024-11-12 16:00:00,FMPP,121.96,19837.0,59.935,2390
2024-11-12 15:00:00,FMPP,119.35,18318.1,60.041,2207
2024-11-12 14:00:00,FMPP,115.0,17039.9,60.041,2053
2024-11-12 13:00:00,FMPP,124.58,15902.8,59.943,1916
2024-11-12 12:00:00,FMPP,117.22,14989.8,60.041,1806
2024-11-12 11:00:00,FMPP,116.71,13670.1,60.077,1647
2024-11-12 10:00:00,FMPP,122.05,12823.5,59.944,1545
2024-11-12 09:00:00,FMPP,124.88,12707.3,59.954,1531
2024-11-12 08:00:00,FMPP,122.77,12972.9,60.051,1563
2024-11-12 07:00:00,FMPP,121.13,13504.1,60.014,1627
2024-11-12 06:00:00,FMPP,121.19,14400.5,60.028,1735
2024-11-12 05:00:00,FMPP,121.71,15853.0,60.017,1910
2024-11-12 04:00:00,FMPP,121.52,17430.0,60.02,2100
2024-11-12 03:00:00,FMPP,120.56,19073.4,59.934,2298
2024-11-12 02:00:00,FMPP,120.21,20451.2,60.052,2464
2024-11-12 01:00:00,FMPP,119.87,21671.3,60.058,2611
2024-11-12 00:00:00,FMPP,118.49,22766.9,59.989,2743
2024-11-11 23:00:00,FMPP,119.44,23148.7,59.998,2789
2024-11-11 22:00:00,FMPP,116.61,23738.0,59.923,2860
2024-11-11 21:00:00,FMPP,119.8,24094.9,60.026,2903
2024-11-11 20:00:00,FMPP,118.02,23721.4,60.029,2858
2024-11-11 19:00:00,FMPP,117.79,22924.6,59.997,2762
2024-11-11 18:00:00,FMPP,120.36,22102.9,60.056,2663
2024-11-11 17:00:00,FMPP,122.78,20882.8,59.983,2516
2024-11-11 16:00:00,FMPP,121.84,19397.1,60.028,2337
2024-11-11 15:00:00,FMPP,116.86,17919.7,59.949,2159
2024-11-11 14:00:00,FMPP,118.02,16334.4,59.999,1968
2024-11-11 13:00:00,FMPP,121.88,15039.6,59.991,1812
2024-11-11 12:00:00,FMPP,118.04,14193.0,60.011,1710
2024-11-11 11:00:00,FMPP,119.55,13122.3,59.982,1581
2024-11-11 10:00:00,FMPP,121.1,12516.4,59.993,1508
2024-11-11 09:00:00,FMPP,118.06,12400.2,60.041,1494
2024-11-11 08:00:00,FMPP,120.21,12640.9,59.978,1523
2024-11-11 07:00:00,FMPP,117.33,13321.5,59.92,1605
2024-11-11 06:00:00,FMPP,118.8,14076.8,60.087,1696
2024-11-11 05:00:00,FMPP,120.64,15305.2,60.069,1844
2024-11-11 04:00:00,FMPP,116.81,16716.2,59.935,2014
2024-11-11 03:00:00,FMPP,120.88,18069.1,60.034,2177
2024-11-11 02:00:00,FMPP,119.96,19148.1,59.975,2307
2024-11-11 01:00:00,FMPP,121.1,20160.7,60.013,2429
2024-11-11 00:00:00,FMPP,120.45,20965.8,60.015,2526
2024-11-10 23:00:00,FMPP,122.73,21098.6,59.988,2542
2024-11-10 22:00:00,FMPP,120.25,21488.7,59.961,2589
2024-11-10 21:00:00,FMPP,119.14,21903.7,59.965,2639
2024-11-10 20:00:00,FMPP,120.24,22069.7,59.954,2659
2024-11-10 19:00:00,FMPP,121.09,21687.9,59.958,2613
2024-11-10 18:00:00,FMPP,120.1,20916.0,59.997,2520
2024-11-10 17:00:00,FMPP,120.08,19978.1,59.964,2407
2024-11-10 16:00:00,FMPP,118.6,18733.1,60.034,2257
2024-11-10 15:00:00,FMPP,118.67,17446.6,60.074,2102
2024-11-10 14:00:00,FMPP,117.19,15587.4,59.971,1878
2024-11-10 13:00:00,FMPP,123.5,13703.3,60.012,1651
2024-11-10 12:00:00,FMPP,117.51,12848.4,60.025,1548
2024-11-10 11:00:00,FMPP,118.61,12665.8,60.024,1526
2024-11-10 10:00:00,FMPP,118.56,12508.1,60.004,1507
2024-11-10 09:00:00,FMPP,121.79,12690.7,60.037,1529
2024-11-10 08:00:00,FMPP,119.41,14765.7,60.024,1779
2024-11-10 07:00:00,FMPP,122.5,12084.8,59.938,1456
2024-11-10 06:00:00,FMPP,118.65,14466.9,60.043,1743
2024-11-10 05:00:00,FMPP,120.56,15438.0,60.044,1860
2024-11-10 04:00:00,FMPP,118.33,16492.1,59.962,1987
2024-11-10 03:00:00,FMPP,124.29,17421.7,60.002,2099
2024-11-10 02:00:00,FMPP,117.62,18351.3,60.034,2211
2024-11-10 01:00:00,FMPP,120.62,19438.6,59.99,2342
2024-11-10 00:00:00,FMPP,121.27,20218.8,60.054,2436
2024-11-09 23:00:00,FMPP,120.83,20700.2,60.118,2494
2024-11-09 22:00:00,FMPP,119.63,21173.3,59.961,2551
2024-11-09 21:00:00,FMPP,119.74,21721.1,59.931,2617
2024-11-09 20:00:00,FMPP,120.09,21762.6,60.015,2622
2024-11-09 19:00:00,FMPP,119.71,21331.0,60.036,2570
2024-11-09 18:00:00,FMPP,121.93,20617.2,59.988,2484
2024-11-09 17:00:00,FMPP,124.42,19828.7,60.073,2389
2024-11-09 16:00:00,FMPP,118.89,18874.2,59.933,2274
2024-11-09 15:00:00,FMPP,117.26,17620.9,60.035,2123
2024-11-09 14:00:00,FMPP,119.82,15786.6,59.97,1902
2024-11-09 13:00:00,FMPP,125.16,14126.6,60.086,1702
2024-11-09 12:00:00,FMPP,118.39,13255.1,60.1,1597
2024-11-09 11:00:00,FMPP,123.28,12773.7,59.962,1539
2024-11-09 10:00:00,FMPP,123.36,12640.9,59.973,1523
2024-11-09 09:00:00,FMPP,118.89,12715.6,60.043,1532
2024-11-09 08:00:00,FMPP,121.14,13147.2,59.981,1584
2024-11-09 07:00:00,FMPP,123.26,13802.9,59.998,1663
2024-11-09 06:00:00,FMPP,119.24,14549.9,60.001,1753
2024-11-09 05:00:00,FMPP,119.59,15869.6,59.904,1912
2024-11-09 04:00:00,FMPP,118.84,17064.8,59.999,2056
2024-11-09 03:00:00,FMPP,117.97,18401.1,59.966,2217
2024-11-09 02:00:00,FMPP,118.7,19505.0,59.975,2350
2024-11-09 01:00:00,FMPP,117.55,20608.9,60.072,2483
2024-11-09 00:00:00,FMPP,120.07,21779.2,59.937,2624
2024-11-08 23:00:00,FMPP,118.46,22451.5,60.041,2705
